-- phpMyAdmin SQL Dump
-- version 3.4.5
-- http://www.phpmyadmin.net
--
-- Host: localhost
-- Generation Time: Jan 22, 2012 at 08:52 PM
-- Server version: 5.0.92
-- PHP Version: 5.2.6

SET SQL_MODE="NO_AUTO_VALUE_ON_ZERO";
SET time_zone = "+00:00";


/*!40101 SET @OLD_CHARACTER_SET_CLIENT=@@CHARACTER_SET_CLIENT */;
/*!40101 SET @OLD_CHARACTER_SET_RESULTS=@@CHARACTER_SET_RESULTS */;
/*!40101 SET @OLD_COLLATION_CONNECTION=@@COLLATION_CONNECTION */;
/*!40101 SET NAMES utf8 */;

--
-- Database: `rampmood_ws_test`
--

-- --------------------------------------------------------

--
-- Table structure for table `administrador`
--

DROP TABLE IF EXISTS `administrador`;
CREATE TABLE IF NOT EXISTS `administrador` (
  `IdAdministrador` int(11) NOT NULL auto_increment,
  `Login` varchar(100) default NULL,
  `Clave` longtext,
  PRIMARY KEY  (`IdAdministrador`)
) ENGINE=MyISAM  DEFAULT CHARSET=utf8 AUTO_INCREMENT=3 ;

--
-- Dumping data for table `administrador`
--

INSERT INTO `administrador` (`IdAdministrador`, `Login`, `Clave`) VALUES
(2, 'admin', 'admin123');

-- --------------------------------------------------------

--
-- Table structure for table `archivos`
--

DROP TABLE IF EXISTS `archivos`;
CREATE TABLE IF NOT EXISTS `archivos` (
  `id_archivo` int(11) NOT NULL auto_increment,
  `carpeta` varchar(150) default NULL,
  `nombreArchivo` varchar(200) default NULL,
  `texto` varchar(400) default NULL,
  `titulo` varchar(100) default NULL,
  `cant_descarga` decimal(2,0) default NULL,
  `imagen` varchar(255) default NULL,
  `speaker` varchar(30) default NULL,
  `estado` int(1) default '1',
  `archivo1` varchar(100) default NULL,
  `archivo2` varchar(100) default NULL,
  `archivo3` varchar(100) default NULL,
  `TIPO_TRANSMISION` varchar(10) default NULL,
  `FECHA_HORA_TRANSMISION` timestamp NULL default NULL COMMENT 'si es un video live',
  `visualizaciones` int(7) NOT NULL default '0' COMMENT 'conteo de visualizaciones',
  `tema` varchar(150) NOT NULL,
  `fechaLanzamiento` varchar(150) NOT NULL,
  PRIMARY KEY  (`id_archivo`),
  KEY `nombreArchivo` (`nombreArchivo`)
) ENGINE=MyISAM  DEFAULT CHARSET=utf8 AUTO_INCREMENT=3157 ;

--
-- Dumping data for table `archivos`
--

INSERT INTO `archivos` (`id_archivo`, `carpeta`, `nombreArchivo`, `texto`, `titulo`, `cant_descarga`, `imagen`, `speaker`, `estado`, `archivo1`, `archivo2`, `archivo3`, `TIPO_TRANSMISION`, `FECHA_HORA_TRANSMISION`, `visualizaciones`, `tema`, `fechaLanzamiento`) VALUES
(3126, 'http://tvclass.rampms.com/tvclass/', 'pas1_11.wmv', 'Aula 11', 'Pasaporte 1 - Aula 11', NULL, NULL, NULL, 1, NULL, NULL, NULL, NULL, NULL, 99, 'Free', '2011-12-14 11:00:20'),
(3127, 'http://tvclass.rampms.com/tvclass/', 'pas1_12.wmv', 'Aula 12', 'Pasaporte 1 - Aula 12', NULL, NULL, 'TV Class', 1, NULL, NULL, NULL, 'ONDEMAND', NULL, 10, 'Free', '2011-12-14 11:00:20'),
(3128, 'http://tvclass.rampms.com/tvclass/', 'lat1_11.wmv', 'Aula 11', 'Latitudes 1 - Aula 11', NULL, NULL, 'TV Class', 1, NULL, NULL, NULL, 'ONDEMAND', NULL, 9, 'Free', '2011-12-14 11:00:20'),
(3129, 'http://tvclass.rampms.com/tvclass/', 'lat1_12.wmv', 'Aula 12', 'Latitudes 1 - Aula 12', NULL, NULL, 'TV Class', 1, NULL, NULL, NULL, 'ONDEMAND', NULL, 9, 'Free', '2011-12-14 11:00:20'),
(3130, 'rtmp://iptv.rampms.com:8082/vod/', 'MP4:bigbuckbunny_750.mp4', 'Flash', 'Flash', NULL, NULL, 'TV Class', 1, NULL, NULL, NULL, NULL, NULL, 257, 'Free', '2011-12-14 11:00:20'),
(3131, 'http://tvclass.rampms.com/tvclass/', 'intro_3-1.wmv', 'Aula 3.1', 'Intro - Aula 3.1', NULL, NULL, 'TV Class', 1, NULL, NULL, NULL, 'ONDEMAND', '2010-05-04 19:00:00', 24, 'Free', '2011-12-14 11:00:20'),
(3132, 'http://tvclass.rampms.com/tvclass/', 'intro_3-2.wmv', 'Aula 3.2', 'Intro - Aula 3.2', NULL, NULL, 'TV Class', 1, NULL, NULL, NULL, 'ONDEMAND', NULL, 2, 'Free', '2011-12-14 11:00:20'),
(3133, 'http://tvclass.rampms.com/tvclass/', 'intro_3-3.wmv', 'Aula 3.3', 'Intro - Aula 3.3', NULL, NULL, 'TV Class', 1, NULL, NULL, NULL, 'ONDEMAND', NULL, 3, 'Free', '2011-12-14 11:00:20'),
(3134, 'http://tvclass.rampms.com/tvclass/', 'ts1_3-1.wmv', 'Aula 3.1', 'TouchStone 1 - Aula 3.1', NULL, '../speakers/Picture0001.jpg', 'TV Class', 1, NULL, NULL, NULL, 'ONDEMAND', '2010-06-30 05:00:00', 181, 'Free', '2011-12-14 11:00:20'),
(3135, 'http://tvclass.rampms.com/tvclass/', 'ts1_3-2.wmv', 'Aula 3.2', 'TouchStone 1 - Aula 3.2', NULL, NULL, 'TV Class', 1, NULL, NULL, NULL, 'ONDEMAND', NULL, 84, 'Free', '2011-12-14 11:00:20'),
(3136, 'http://tvclass.rampms.com/tvclass/', 'ts1_3-3.wmv', 'Aula 3.3', 'TouchStone 1 - Aula 3.3', NULL, NULL, 'TV Class', 1, NULL, NULL, NULL, 'ONDEMAND', NULL, 47, 'Free', '2011-12-14 11:00:20'),
(3137, 'http://tvclass.rampms.com/tvclass/', 'ts1_3-4.wmv', 'Aula 3.4', 'TouchStone 1 - Aula 3.4', NULL, NULL, 'TV Class', 1, NULL, NULL, NULL, 'ONDEMAND', NULL, 23, 'Free', '2011-12-14 11:00:20'),
(3138, 'http://tvclass.rampms.com/tvclass/', 'ts2_2-5.wmv', 'Aula 2.5', 'TouchStone 2 - Aula 2.5', NULL, NULL, 'TV Class', 1, NULL, NULL, NULL, 'ONDEMAND', NULL, 23, 'Free', '2011-12-14 11:00:20'),
(3139, 'http://tvclass.rampms.com/tvclass/', 'ts2_3-1.wmv', 'Aula 3.1', 'TouchStone 2 - Aula 3.1', NULL, NULL, 'TV Class', 1, NULL, NULL, NULL, 'ONDEMAND', NULL, 71, 'Free', '2011-12-14 11:00:20'),
(3156, 'htttp://preuba.com/', 'prueba.wmv', 'El ser hincha no es decir q su equipo es el mejor de todos!!!...yq su equipo \r\nes un Dios del futbol!!!!...el ser hincha es ser consciente de las cosas y ser \r\ntotalmente imparcial!!!...la pasión muchas veces nos da muy malas pasadas \r\ny por eso lo mejor es ser humilde y nunca pero nunca alzar una copa sin \r\nsiquiera ganar la final!!!.....millos hizo una buena campaña y paso lo mismo \r\nque con l', 'Prueba', NULL, 'MrZ-2_big.jpg', NULL, 1, NULL, NULL, NULL, NULL, NULL, 0, 'pruebas', '2011/12/15 10:53:11');

-- --------------------------------------------------------

--
-- Table structure for table `archivos_grupo`
--

DROP TABLE IF EXISTS `archivos_grupo`;
CREATE TABLE IF NOT EXISTS `archivos_grupo` (
  `id_interno` int(11) NOT NULL auto_increment,
  `id_grupo` int(11) default NULL,
  `id_archivo` int(11) default NULL,
  `fecha_inserta` timestamp NOT NULL default CURRENT_TIMESTAMP on update CURRENT_TIMESTAMP,
  PRIMARY KEY  (`id_interno`),
  UNIQUE KEY `idxnegocio` (`id_grupo`,`id_archivo`)
) ENGINE=MyISAM  DEFAULT CHARSET=utf8 AUTO_INCREMENT=2915 ;

--
-- Dumping data for table `archivos_grupo`
--

INSERT INTO `archivos_grupo` (`id_interno`, `id_grupo`, `id_archivo`, `fecha_inserta`) VALUES
(2761, 9, 3132, '2011-03-14 04:01:22'),
(2766, 8, 3126, '2011-11-06 18:29:51'),
(2760, 9, 3131, '2011-03-14 04:01:21'),
(2749, 10, 3151, '2010-07-19 16:30:32'),
(2880, 13, 3126, '2011-12-12 20:18:23'),
(2753, 14, 3150, '2011-03-14 02:34:06'),
(2756, 9, 3127, '2011-03-14 04:01:19'),
(2744, 9, 3126, '2010-07-18 15:41:04'),
(2755, 9, 3149, '2011-03-14 03:56:39'),
(2757, 9, 3128, '2011-03-14 04:01:20'),
(2759, 9, 3130, '2011-03-14 04:01:21'),
(2758, 9, 3129, '2011-03-14 04:01:20'),
(2762, 9, 3133, '2011-03-14 04:01:22'),
(2763, 9, 3134, '2011-03-14 04:01:23'),
(2764, 22, 3151, '2011-03-15 23:11:30'),
(2765, 9, 3153, '2011-03-22 23:03:39'),
(2767, 8, 3149, '2011-11-06 19:49:34'),
(2768, 7, 3126, '2011-11-10 05:16:49'),
(2769, 7, 3132, '2011-11-10 05:16:54'),
(2770, 7, 3148, '2011-11-10 05:16:58'),
(2881, 13, 3127, '2011-12-12 20:18:23'),
(2913, 6, 3139, '2011-12-22 22:16:09'),
(2912, 6, 3138, '2011-12-22 22:16:09'),
(2911, 6, 3137, '2011-12-22 22:16:09'),
(2910, 6, 3136, '2011-12-22 22:16:09'),
(2909, 6, 3135, '2011-12-22 22:16:09'),
(2908, 6, 3134, '2011-12-22 22:16:09'),
(2907, 6, 3133, '2011-12-22 22:16:09'),
(2906, 6, 3132, '2011-12-22 22:16:09'),
(2905, 6, 3131, '2011-12-22 22:16:09'),
(2904, 6, 3130, '2011-12-22 22:16:09'),
(2903, 6, 3128, '2011-12-22 22:16:09'),
(2902, 6, 3127, '2011-12-22 22:16:09'),
(2901, 6, 3129, '2011-12-21 16:30:39'),
(2900, 6, 3126, '2011-12-21 16:30:25'),
(2798, 11, 3130, '2011-11-27 09:52:51'),
(2897, 40, 3156, '2011-12-15 16:33:25'),
(2878, 15, 3129, '2011-12-09 20:06:58'),
(2877, 15, 3128, '2011-12-09 20:06:58'),
(2876, 15, 3127, '2011-12-09 20:06:58'),
(2875, 15, 3126, '2011-12-09 20:06:58');

-- --------------------------------------------------------

--
-- Table structure for table `grupos`
--

DROP TABLE IF EXISTS `grupos`;
CREATE TABLE IF NOT EXISTS `grupos` (
  `idGrupos` int(11) NOT NULL auto_increment COMMENT 'Identificador interno',
  `grupos` varchar(500) default NULL COMMENT 'Nombre del grupo',
  `activo` int(1) NOT NULL COMMENT 'estado del registro 1 activo 0 inactivo',
  `nivel` varchar(2) NOT NULL COMMENT 'Nivel dentro del menu',
  `noNivel` int(3) NOT NULL default '0',
  `padre` int(11) NOT NULL COMMENT 'registro padre de esta misma tabla',
  `esCanal` int(1) NOT NULL default '0' COMMENT 'Identifica ese grupo como un canal para tel IP',
  `ContVideos` int(11) NOT NULL default '0' COMMENT 'cuantos videos hay debajo de este nivel',
  `categoria` varchar(20) NOT NULL,
  PRIMARY KEY  (`idGrupos`),
  KEY `PADRE` (`padre`)
) ENGINE=MyISAM  DEFAULT CHARSET=utf8 AUTO_INCREMENT=47 ;

--
-- Dumping data for table `grupos`
--

INSERT INTO `grupos` (`idGrupos`, `grupos`, `activo`, `nivel`, `noNivel`, `padre`, `esCanal`, `ContVideos`, `categoria`) VALUES
(39, 'pruebatest1', 1, '', 0, 38, 0, 0, 'Live'),
(6, 'ingles', 1, '', 0, 0, 0, 0, 'Live'),
(15, 'test4', 1, '', 0, 0, 0, 0, 'Live'),
(7, 'frances', 1, '', 0, 17, 0, 0, 'OnDemand'),
(8, 'aleman', 1, '', 0, 1, 0, 0, 'Live'),
(9, 'ingles', 1, '', 0, 6, 0, 0, 'Live'),
(10, 'test', 1, '', 0, 0, 0, 0, 'OnDemand'),
(11, 'este si es ', 1, '', 0, 0, 0, 0, 'Live'),
(13, 'teste', 1, '', 0, 0, 0, 0, 'Live'),
(38, 'pruebamarvin', 1, '', 0, 0, 0, 0, 'Live'),
(16, 'test4', 1, '', 0, 0, 0, 0, 'Live'),
(17, 'test5', 1, '', 0, 0, 0, 0, 'Live'),
(18, 'test6', 1, '', 0, 0, 0, 0, 'Live'),
(19, 'test7', 1, '', 0, 0, 0, 0, 'Live'),
(21, 'otrop', 1, '', 0, 0, 0, 0, 'OnDemand'),
(22, 'verimatrix', 1, '', 0, 0, 0, 0, 'Live'),
(40, 'prueba', 1, '', 0, 0, 0, 0, 'Live'),
(41, 'prueba sub nivel 1', 1, '', 0, 40, 0, 0, 'Live'),
(42, 'nueva VZDC', 1, '', 0, 0, 0, 0, 'OnDemand'),
(46, 'hhhhhhh', 1, '', 0, 0, 0, 0, 'Live');

-- --------------------------------------------------------

--
-- Table structure for table `gruposdeusuarios`
--

DROP TABLE IF EXISTS `gruposdeusuarios`;
CREATE TABLE IF NOT EXISTS `gruposdeusuarios` (
  `idGrupoDeUsuario` int(10) NOT NULL auto_increment,
  `nomGrupoDeUsuario` varchar(150) default NULL,
  PRIMARY KEY  (`idGrupoDeUsuario`)
) ENGINE=MyISAM  DEFAULT CHARSET=latin1 COMMENT='Tabla para relacionar usuarios con grupos de usuarios' AUTO_INCREMENT=10 ;

--
-- Dumping data for table `gruposdeusuarios`
--

INSERT INTO `gruposdeusuarios` (`idGrupoDeUsuario`, `nomGrupoDeUsuario`) VALUES
(1, 'Grupo 1235'),
(2, 'Grupo 2'),
(3, 'Grupo 3'),
(4, 'Grupo 4'),
(7, 'Grupo 5'),
(9, 'testmarvin');

-- --------------------------------------------------------

--
-- Table structure for table `gruposusuariospaquetes`
--

DROP TABLE IF EXISTS `gruposusuariospaquetes`;
CREATE TABLE IF NOT EXISTS `gruposusuariospaquetes` (
  `idGrupoDeUsuario` int(10) NOT NULL default '0',
  `idPaquete` int(10) NOT NULL default '0',
  PRIMARY KEY  (`idGrupoDeUsuario`,`idPaquete`)
) ENGINE=MyISAM DEFAULT CHARSET=latin1 COMMENT='Tabla puente - gruposDeUsuario - Paquetes';

--
-- Dumping data for table `gruposusuariospaquetes`
--

INSERT INTO `gruposusuariospaquetes` (`idGrupoDeUsuario`, `idPaquete`) VALUES
(1, 5),
(1, 7),
(1, 8),
(2, 7),
(3, 5),
(4, 7);

-- --------------------------------------------------------

--
-- Table structure for table `grupos_usuario`
--

DROP TABLE IF EXISTS `grupos_usuario`;
CREATE TABLE IF NOT EXISTS `grupos_usuario` (
  `IdGruposUsuario` int(11) NOT NULL auto_increment,
  `IdUsuario` int(11) default NULL,
  `IdGrupos` int(11) default NULL,
  `ramp_cant_descargas` int(3) default NULL COMMENT 'define el numero de descargas o visualizaciones del usuario',
  `tipoHerencia` varchar(2) default NULL COMMENT 'Herencia HU herencia up , HD herencia down',
  `grupoHijo` int(10) default '0',
  PRIMARY KEY  (`IdGruposUsuario`),
  UNIQUE KEY `IdUsuario` (`IdUsuario`,`IdGrupos`)
) ENGINE=MyISAM  DEFAULT CHARSET=utf8 AUTO_INCREMENT=732 ;

--
-- Dumping data for table `grupos_usuario`
--

INSERT INTO `grupos_usuario` (`IdGruposUsuario`, `IdUsuario`, `IdGrupos`, `ramp_cant_descargas`, `tipoHerencia`, `grupoHijo`) VALUES
(704, 92, 2, 0, NULL, 6),
(711, 91, 2, 50, NULL, 6),
(710, 91, 6, 50, 'HU', 9),
(709, 91, 9, 50, NULL, 0),
(701, 91, 11, 50, NULL, 0),
(702, 92, 9, 0, NULL, 0),
(703, 92, 6, 0, 'HU', 9),
(688, 93, 9, 50, NULL, 0),
(689, 93, 6, 50, 'HU', 9),
(690, 93, 2, 50, 'HU', 6),
(714, 91, 13, 50, NULL, 0),
(713, 91, 10, 50, NULL, 0),
(712, 91, 7, 50, NULL, 0),
(705, 92, 10, 50, NULL, 0),
(717, 91, 16, 50, NULL, 0),
(716, 91, 15, 50, NULL, 0),
(715, 91, 14, 50, NULL, 0),
(718, 91, 17, 50, NULL, 0),
(719, 91, 18, 50, NULL, 0),
(720, 91, 19, 50, NULL, 0),
(721, 91, 22, 50, NULL, 0),
(722, 95, 16, 50, NULL, 0),
(723, 95, 2, 50, 'HU', 16),
(724, 92, 16, 50, NULL, 0),
(725, 97, 8, 50, NULL, 0),
(726, 97, 1, 50, 'HU', 8),
(727, 92, 8, 50, NULL, 0),
(728, 92, 1, 50, 'HU', 8),
(729, 91, 8, 50, NULL, 0),
(730, 91, 1, 50, 'HU', 8),
(731, 92, 7, 50, NULL, 0);

-- --------------------------------------------------------

--
-- Table structure for table `llaves_plugins`
--

DROP TABLE IF EXISTS `llaves_plugins`;
CREATE TABLE IF NOT EXISTS `llaves_plugins` (
  `id_interno` int(10) NOT NULL auto_increment,
  `llave_soft` varchar(60) NOT NULL,
  `fecha_crea` timestamp NOT NULL default CURRENT_TIMESTAMP on update CURRENT_TIMESTAMP,
  PRIMARY KEY  (`id_interno`),
  UNIQUE KEY `llave_soft` (`llave_soft`)
) ENGINE=MyISAM  DEFAULT CHARSET=utf8 AUTO_INCREMENT=733 ;

--
-- Dumping data for table `llaves_plugins`
--

INSERT INTO `llaves_plugins` (`id_interno`, `llave_soft`, `fecha_crea`) VALUES
(1, '00HXXC-V3UGML-N8ESZP-VFTC3B-GU7RWD', '2010-09-30 19:23:49'),
(2, '053HZC-V5J7M2-HM4E88-4JOV0J-LMIF7Z', '2010-09-30 19:23:49'),
(3, '05H7VV-HIEG6C-NZ2E86-2HPFN9-740UUK', '2010-09-30 19:24:27'),
(4, '08O42G-VSST9U-CNRB13-FESXEG-TYK0CP', '2010-09-30 19:24:27'),
(5, '08TL3B-CUF0YR-RE908J-E3INND-TSQFHL', '2010-09-30 19:24:27'),
(6, '0A1MWN-XA6X62-3YGCJZ-HX0O4Q-3M6VME', '2010-09-30 19:24:27'),
(7, '0ATVIM-EHAHBT-W4DD0P-SMSOCC-AFP9F1', '2010-09-30 19:24:27'),
(8, '0B43CS-C7KVMG-NUKEF3-QDQ9QP-DGC8F0', '2010-09-30 19:24:27'),
(9, '0B76XS-3UMQVV-87ZFR8-IFPIJK-7XZYFU', '2010-09-30 19:24:27'),
(10, '0DLSXP-GV31M7-MUP701-NVP386-VASYU7', '2010-09-30 19:24:27'),
(11, '0DM9ZP-GWTY7O-MUNFNQ-JOY0FI-MK5RQN', '2010-09-30 19:24:27'),
(12, '0FEEZL-YT4OY6-KBG7FY-N95DGI-TMBVA0', '2010-09-30 19:24:27'),
(13, '0HDF8Z-IBE6RS-I6YPHT-KGHYDC-U4XI43', '2010-09-30 19:24:27'),
(14, '0J8D56-L3M2FP-W71FAM-EZRFV4-V80JSD', '2010-09-30 19:24:27'),
(15, '0JPGZQ-28L8DA-V0DKRO-W1X3SP-N30BYV', '2010-09-30 19:24:27'),
(16, '0KXWOP-9X65E7-9BBKVY-QQFDOT-63OPJ0', '2010-09-30 19:24:27'),
(17, '0MGXBT-ILL7TP-C2HENU-PRSIUB-P5NPDS', '2010-09-30 19:24:27'),
(18, '0N35B7-3RZAHH-NP2D6V-U0O8R5-YWB6U7', '2010-09-30 19:24:27'),
(19, '0NS67I-G8VAUV-VV6MU7-DWI8UB-UMYEO0', '2010-09-30 19:24:27'),
(20, '0RJFLI-IDN9Z9-7JJ2WX-O7COIW-TO6KMF', '2010-09-30 19:24:27'),
(21, '0T3G6R-OL3BMZ-YD41PG-CRDIUF-GM6I24', '2010-09-30 19:24:27'),
(22, '0VWWR3-G7W2PR-KKA2P5-WE7XLZ-I6WXAW', '2010-09-30 19:24:27'),
(23, '0XS1ID-J5QQRF-0UXP6X-SXE3XG-A7TLBK', '2010-09-30 19:24:27'),
(24, '0YU4HL-ED8X1H-CDN8QL-013BWK-7826HO', '2010-09-30 19:24:27'),
(25, '0Z57R6-OE64M7-8F3Y7X-GJKSHH-BCTKVG', '2010-09-30 19:24:27'),
(26, '0ZTCMP-Z00K09-LE9F5N-NRMM3I-THF5QC', '2010-09-30 19:24:27'),
(27, '11YQM3-L9RPRR-INR2CF-EK3AI0-1PS26B', '2010-09-30 19:24:27'),
(28, '143TAM-1M2RPK-MOT7AF-UGFV6C-YBGKKH', '2010-09-30 19:24:27'),
(29, '15NNA6-7FORFZ-7LF87T-X6HE9P-MMF9FO', '2010-09-30 19:24:27'),
(30, '1GHDFG-GX3GKK-L7I41I-BABA2A-8WL5ZM', '2010-09-30 19:24:27'),
(31, '1J51M0-NK9L4W-CJWSOZ-LSRXSO-T9U6FV', '2010-09-30 19:24:27'),
(32, '1JVJ2T-M8XT35-NS8TWI-VVQ0GW-2Y7449', '2010-09-30 19:24:27'),
(33, '1KV31A-BHSIWW-L16G4H-AUV515-1JW3BV', '2010-09-30 19:24:27'),
(34, '1LRMSI-UO38LI-ESSKQP-X5TQS8-264ZG4', '2010-09-30 19:24:27'),
(35, '1MGS5G-S8XPYF-6EVXR5-GU2V8U-YSC311', '2010-09-30 19:24:27'),
(36, '1N7RTB-9TMJ7N-PPBUBB-EDG1QO-ZO6VNU', '2010-09-30 19:24:27'),
(37, '1P8EJ7-1ZDOE7-ZZS1EF-8CYYQ8-4A5VO8', '2010-09-30 19:24:27'),
(38, '1TQWQY-KTQ6HF-25TCZW-RE7NHO-0TOLRP', '2010-09-30 19:24:27'),
(39, '1X3JMD-QLOWQG-RK3P9X-M4BNR3-Z4SSLH', '2010-09-30 19:24:27'),
(40, '1Y1JMH-67J6FI-NPORGF-IT1LQX-09EZ84', '2010-09-30 19:24:27'),
(41, '1YE6WU-C482HT-OIETU3-D440VO-WEGIZ1', '2010-09-30 19:24:27'),
(42, '21RXI9-9M7Q3S-9MO2ZQ-S3H8XL-6N81IQ', '2010-09-30 19:24:27'),
(43, '22GYXT-P5NDXO-QP9W5E-MP7WCS-6D44EX', '2010-09-30 19:24:27'),
(44, '234JQN-D43J7F-L6FMIQ-G5EYO6-BCXYQW', '2010-09-30 19:24:27'),
(45, '23RHVS-OFUQDN-WB9OC1-4C21CE-P4QYEO', '2010-09-30 19:24:27'),
(46, '296RLQ-TJB60M-Y9JYH2-BLYUJZ-M42MIZ', '2010-09-30 19:24:27'),
(47, '29JN3W-3SIC79-BQB9Q9-ELX4WW-XKGA1D', '2010-09-30 19:24:27'),
(48, '2B36JU-VJYK2Z-EIJI9R-UK9FCO-W0BE7C', '2010-09-30 19:24:27'),
(49, '2CB5H8-ZMKN27-C2UQLB-4HMPZN-N80LUC', '2010-09-30 19:24:27'),
(50, '2HE1L7-A1A1VM-9MTLUH-OBO71I-DNJMPM', '2010-09-30 19:24:27'),
(51, '2IZ7GE-4NXDHI-NLG2D9-88BIX6-Z5I1ER', '2010-09-30 19:24:27'),
(52, '2JG1FM-AULR0L-VK5K3U-LESDCW-KTK2V9', '2010-09-30 19:24:27'),
(53, '2KUQHK-WU9S57-S4PZR2-Z1626E-W0OWUD', '2010-09-30 19:24:27'),
(54, '2L6NN8-UHTU14-NLZFW3-HTAM4A-SNFYPX', '2010-09-30 19:24:27'),
(55, '2QMBK4-RPGT5F-QIQMRX-HVZ58E-KFNNQ6', '2010-09-30 19:24:27'),
(56, '2QOZ7D-DAF2UM-EZTLPU-1IHA00-50U772', '2010-09-30 19:24:27'),
(57, '2UM4XZ-A93KPV-I4BWHJ-JBQSWS-8BE9W6', '2010-09-30 19:24:27'),
(58, '2VENEN-LQAHHX-XYDJDY-MY2FAW-PD0RQ9', '2010-09-30 19:24:27'),
(59, '32FUFT-42BCEO-6FZOCO-KXQ5Q8-BEF7L1', '2010-09-30 19:24:27'),
(60, '32YQX7-VFKEUN-9OB1C9-2NOE1T-6P9J8P', '2010-09-30 19:24:27'),
(61, '33FD5X-HQTIK8-ZM3MNU-R93V3O-U7ML3T', '2010-09-30 19:24:27'),
(62, '341WRS-IYON8S-TVVQ51-BRF6W5-A2R4X7', '2010-09-30 19:24:27'),
(63, '39DSVJ-4QILIK-YYN0UO-JDVM35-Z2AF58', '2010-09-30 19:24:27'),
(64, '3AQEWX-1DD6DV-UJDZ4G-CDO3B7-D4576C', '2010-09-30 19:24:27'),
(65, '3AZ721-2BPU31-698G87-QS0RZ1-3YUXPT', '2010-09-30 19:24:27'),
(66, '3BSZ0O-XUMD38-JRC7MF-F7GZ5V-HKBE3Y', '2010-09-30 19:24:27'),
(67, '3BWDE2-OXQP9W-0FHYVB-FQJE6T-QKXC69', '2010-09-30 19:24:27'),
(68, '3CTOJ1-MMZSC7-CBF4TC-ESSMCB-R7OHPC', '2010-09-30 19:24:27'),
(69, '3DEOWP-HZ4EMN-OD257D-PJ25UF-KUBQ2A', '2010-09-30 19:24:27'),
(70, '3DIOQ8-MJE3RP-KFSAMR-EIFNL7-SZTSCB', '2010-09-30 19:24:27'),
(71, '3IJCYE-YLEB4S-QP3OEX-6FDCHH-DFNLH6', '2010-09-30 19:24:27'),
(72, '3J6TDY-IY5Q49-VP4YNF-SMCRJ4-FZX5S0', '2010-09-30 19:24:27'),
(73, '3JCADG-KM7PZE-QSDMYK-AYRM55-O3YSES', '2010-09-30 19:24:27'),
(74, '3NVAF7-QAYVUQ-NOU4YF-6RZ23W-9RPDFB', '2010-09-30 19:24:27'),
(75, '3TPNVU-VDR517-AKITGC-TCVRTY-GN55WN', '2010-09-30 19:24:27'),
(76, '3UZU1N-UR3U6B-DSP2AC-S792VA-IE2LC5', '2010-09-30 19:24:27'),
(77, '3WA23K-03N76G-T93MGQ-UYAGRP-B5SU7H', '2010-09-30 19:24:27'),
(78, '3X1NBV-482OCR-WK2H0U-T14YI5-VVKYRG', '2010-09-30 19:24:27'),
(79, '41AW11-V5RFZP-V5H3O2-4RSVC9-1M8GLA', '2010-09-30 19:24:27'),
(80, '44C07O-M0OZR0-NQXRR3-LWLHL9-0GLYYB', '2010-09-30 19:24:27'),
(81, '46QOP7-QU70T6-9VWW58-PE0WCP-QLEHL9', '2010-09-30 19:24:27'),
(82, '47ZD5J-Q98CW4-25TJUW-F4M5RN-V141YJ', '2010-09-30 19:24:27'),
(83, '490QH3-UZV2DZ-L0JKW2-OJW6B0-V3HMTC', '2010-09-30 19:24:27'),
(84, '49V94X-F6RC5G-FIH4F7-2M3M3Z-6QGLOG', '2010-09-30 19:24:27'),
(85, '4BTO82-BOJA2E-BLK6QU-O3C125-3LWGII', '2010-09-30 19:24:27'),
(86, '4DL8U5-3C9Z70-8A2SZV-3VMZ0I-V9ZAR2', '2010-09-30 19:24:27'),
(87, '4EFQZF-89F49V-FYPEH2-F1QR1P-S16MN1', '2010-09-30 19:24:27'),
(88, '4IEVU3-JQ499O-LOJ204-9Q9146-LIPEJJ', '2010-09-30 19:24:27'),
(89, '4L7Z77-7JJKVG-Z1VQLQ-P2KD7F-5DY818', '2010-09-30 19:24:27'),
(90, '4M7OJZ-JIXVYE-V5BFUS-02HSZN-WB7JTF', '2010-09-30 19:24:27'),
(91, '4N9S0B-31WUH2-2N6G3O-2SXYX3-4T1UWD', '2010-09-30 19:24:27'),
(92, '4SN6M5-1HOG50-95QJAA-OK64PA-20VEK2', '2010-09-30 19:24:27'),
(93, '4TXB49-5BFSHR-DMYVDT-3L6504-EQHY7D', '2010-09-30 19:24:27'),
(94, '4UOAG9-DGHGJJ-0DZ1TG-7JZ1FF-SAAUA6', '2010-09-30 19:24:27'),
(95, '4UWMRY-9CNMZK-GOUQ44-YTCLXC-RGNYTS', '2010-09-30 19:24:27'),
(96, '4Y3FZE-E50QB9-THS7U4-BOW7SN-EQ9I7D', '2010-09-30 19:24:27'),
(97, '4ZCU7K-CC2MN2-PZAXLG-J9AXDW-HTBYIH', '2010-09-30 19:24:27'),
(98, '501DIY-46PIYS-NZ2IYL-URILQP-QIHY37', '2010-09-30 19:24:27'),
(99, '51DWRW-1WTLLN-SZZT30-F43QAA-IH95H1', '2010-09-30 19:24:27'),
(100, '55T8PQ-NH38C8-CSPYF1-AG4GDL-XKFJDS', '2010-09-30 19:24:27'),
(101, '57CKGJ-UTBWQQ-QQYBIF-YIU3X2-LL623D', '2010-09-30 19:24:27'),
(102, '58N9UP-591EJO-WR2N7T-7N3OVC-ES3C74', '2010-09-30 19:24:27'),
(103, '5936RA-VEBXXY-3YEIHF-YJWSI1-JP8NX7', '2010-09-30 19:24:27'),
(104, '59C391-EEJUFJ-B9Q05U-IW7BE4-9542X2', '2010-09-30 19:24:27'),
(105, '59W0PW-EO1YLO-TTIUHG-CBP7MN-GI86H6', '2010-09-30 19:24:27'),
(106, '5A30AE-VKLNGH-I6YGCZ-1TKQ38-LO9UFH', '2010-09-30 19:24:27'),
(107, '5CACSO-8XLWIQ-J0J146-UI8L42-YICIBH', '2010-09-30 19:24:27'),
(108, '5DPKHZ-JDOGXF-X0KWGS-97BXVZ-IM60X6', '2010-09-30 19:24:27'),
(109, '5FP748-4AD8YX-O7XX6S-1MNDMI-UIEC5Q', '2010-09-30 19:24:27'),
(110, '5G1URA-RPV4BL-ZJGPG3-HMYAF9-HT9V28', '2010-09-30 19:24:27'),
(111, '5HKPNV-FC9LOT-QB7Q2Y-O4LQCR-GRFXCY', '2010-09-30 19:24:27'),
(112, '5KWSXD-EF5AAS-BGOSCE-9DX1ZY-DDFZJ5', '2010-09-30 19:24:27'),
(113, '5MAHBR-O2EHWM-SMDG32-XHRXFH-VCZNEK', '2010-09-30 19:24:27'),
(114, '5PB0I6-TTZ6U5-6B66XL-02NW3L-P8JHOB', '2010-09-30 19:24:27'),
(115, '5SP4N6-M42Z0P-88DJA4-IQ8NDR-CUMY78', '2010-09-30 19:24:27'),
(116, '5VIXIC-O6C348-QQ8HVC-PJTOJX-KIM4WT', '2010-09-30 19:24:27'),
(117, '5WKQVR-GICDB3-PZJRCP-L8R4XZ-PBJCQ2', '2010-09-30 19:24:27'),
(118, '5YV7K8-TK2N29-PERCVZ-FNFWDJ-SQJFL2', '2010-09-30 19:24:27'),
(119, '63LZPX-JH7SGY-8DBEDK-MT9IK3-SEX4X1', '2010-09-30 19:24:27'),
(120, '675MTK-YAQE7H-FIV0O9-UOWLYC-L1CPZL', '2010-09-30 19:24:27'),
(121, '67846X-Y505VC-ZECY4N-BSSQ7U-PYUA0W', '2010-09-30 19:24:27'),
(122, '67IT0U-71L5KD-GQM0OV-1FSSBD-RDJ3OE', '2010-09-30 19:24:27'),
(123, '691Y7E-6AAI1L-S5ZWQR-DZ6ZJB-BICJH6', '2010-09-30 19:24:27'),
(124, '692QFT-85IROS-7M30OG-2WOQO5-F4QOFM', '2010-09-30 19:24:27'),
(125, '6CIA65-QVITXW-47D0B5-3NF4W1-YKNDLI', '2010-09-30 19:24:27'),
(126, '6G2155-V3QX72-4TCQKY-UG9ER8-2NFMXL', '2010-09-30 19:24:27'),
(127, '6H4TRC-QZOIKL-U5EITJ-5D8FHZ-4MREHB', '2010-09-30 19:24:27'),
(128, '6K2DWL-434908-6NDWON-DOIH62-XN0XEM', '2010-09-30 19:24:27'),
(129, '6K9CBA-7UVF37-1V0P8Z-UYRM3E-JU7CD0', '2010-09-30 19:24:27'),
(130, '6OBLDC-X3KIJ9-B42YQT-4UAUA6-I8949O', '2010-09-30 19:24:27'),
(131, '6S0W95-LIFNL9-UBW6WS-DRRHW9-0XQV1H', '2010-09-30 19:24:27'),
(132, '6UKOIW-ZFHC7S-RR39UL-66JZPZ-Q2OQV7', '2010-09-30 19:24:27'),
(133, '6VK73T-OTJ5E3-YLF57V-5FBTBA-TM9ZCW', '2010-09-30 19:24:27'),
(134, '6VUTCB-CA3UQA-LFK2I8-HQH7OF-JCXKLO', '2010-09-30 19:24:27'),
(135, '6X32VN-B1T0BK-8EWSMJ-VBX12V-6SMHYG', '2010-09-30 19:24:27'),
(136, '6XHP7C-GR5C90-MXVA6R-IZ4V9V-590MPQ', '2010-09-30 19:24:27'),
(137, '6ZHF12-FYQ494-X50BN7-QHJ2RI-4D7FZZ', '2010-09-30 19:24:27'),
(138, '6ZI39V-IOGTGB-KE7X1X-L8H5ER-XPRLG5', '2010-09-30 19:24:27'),
(139, '6ZKWH5-YJUAOL-O0UNVK-52PRNR-6DUWYB', '2010-09-30 19:24:27'),
(140, '70AS02-OHFKPG-JQTPSF-XUSSF2-SCQZ8P', '2010-09-30 19:24:27'),
(141, '73GCE0-5KQR9E-5VNODB-JPVCPS-GOMKC7', '2010-09-30 19:24:27'),
(142, '74EC6F-6376PB-A3DJMA-XDH1CN-0K66AC', '2010-09-30 19:24:27'),
(143, '7522S1-XYKD76-H9A0D3-KE6X64-28W4OP', '2010-09-30 19:24:27'),
(144, '7AQ65R-TO76PS-HT2SUD-7YOHET-UKE3KM', '2010-09-30 19:24:27'),
(145, '7AXREG-8PIDAL-7I8PSQ-YR8ITV-RCBHY7', '2010-09-30 19:24:27'),
(146, '7BQYTG-34UOJU-GTJFR6-8XDNW6-N5J7I5', '2010-09-30 19:24:27'),
(147, '7GNVC1-1OXB1L-HKVLMX-DKGVU6-6ESYVO', '2010-09-30 19:24:27'),
(148, '7HKMAP-1XTOMI-ZTMOZQ-3K3EIK-TPH071', '2010-09-30 19:24:27'),
(149, '7PKBD0-E5VFS4-D98BBA-YFRR3M-YA6S6D', '2010-09-30 19:24:27'),
(150, '7PP8UO-PJ32BC-UA8HOZ-CXLMS0-EXZTTJ', '2010-09-30 19:24:27'),
(151, '7R5SYV-SR7QMZ-FIOQUZ-XIO2EF-NLWQV1', '2010-09-30 19:24:27'),
(152, '7RYB3L-PK858C-N0X342-9BXMM8-PIVY8X', '2010-09-30 19:24:27'),
(153, '7RZETH-RXGARF-KSK4AI-F4NG7F-9Z5VGU', '2010-09-30 19:24:27'),
(154, '7SPLKG-J35QKQ-KC1FOX-0L0DUV-CWKBFR', '2010-09-30 19:24:27'),
(155, '7TAOBY-QUBCF7-1017K2-YM7OP0-C8R78E', '2010-09-30 19:24:27'),
(156, '7U5K3K-ZS7UZ6-BDDUQ8-FT1K0Z-AI8L1K', '2010-09-30 19:24:27'),
(157, '7ULA6N-81PMG2-YFDYSO-0TR8S9-5OQKYL', '2010-09-30 19:24:27'),
(158, '7VVVLO-50J4QU-US1Q4S-HHYJFD-PIXO2A', '2010-09-30 19:24:27'),
(159, '7WEQ5U-0VYL8I-J8LFYS-E998KB-8YZBUY', '2010-09-30 19:24:27'),
(160, '7XTIS7-QOCK8P-GDQMOM-UVDJNQ-V7QKE3', '2010-09-30 19:24:27'),
(161, '7YDKBJ-4V2O3O-1R8BYE-COQ01J-O2I2B5', '2010-09-30 19:24:27'),
(162, '7YXHG4-I15P5T-58YDJL-4SX9RY-PQ1RT1', '2010-09-30 19:24:27'),
(163, '8042PV-UEDUDC-0GAC1R-8RP3UZ-VN4QKB', '2010-09-30 19:24:27'),
(164, '837QEV-0PI5V1-N5CEKD-V39HZO-UICAOC', '2010-09-30 19:24:27'),
(165, '84C33F-INE02M-HJULHP-MQGMRW-UL0C7R', '2010-09-30 19:24:27'),
(166, '85KM5V-1D8SWT-KGKHX0-899MKP-51UEZN', '2010-09-30 19:24:27'),
(167, '85YDXI-SCRQOQ-W52COM-IZV0LB-ARQNW6', '2010-09-30 19:24:27'),
(168, '87KR6V-8UE9LL-GP6JPW-3P4VDW-OKN2KX', '2010-09-30 19:24:27'),
(169, '8AMJ8Y-I8IDOY-494LQ4-RIPZEP-DWSDM8', '2010-09-30 19:24:27'),
(170, '8C4D2B-I5YU6L-BIJZI6-N1A3NN-QSHM7T', '2010-09-30 19:24:27'),
(171, '8L2I64-FCMA0L-7LMYSD-4GIWYK-0ZH1N1', '2010-09-30 19:24:27'),
(172, '8NOY9O-985WS0-ESQ836-L9AVBO-31BSDV', '2010-09-30 19:24:27'),
(173, '8OTWBI-UK8G48-VQWHOF-I1N11O-HGCRCD', '2010-09-30 19:24:27'),
(174, '8POLOG-MJ1IBZ-ARANUT-VUXCAN-48M81F', '2010-09-30 19:24:27'),
(175, '8RV4Y3-2RDMCY-9D50MC-SYUVZ7-BLKAKR', '2010-09-30 19:24:27'),
(176, '8VJYSI-0TWJZ8-ZG54NM-0JSGMU-FZ4ZFA', '2010-09-30 19:24:27'),
(177, '8ZLCNA-Q8B7WJ-5TKYE0-KAUIEU-V9IT8N', '2010-09-30 19:24:27'),
(178, '90CZVR-ULQYFZ-X3WGEK-CACK72-XF1YEO', '2010-09-30 19:24:27'),
(179, '92NK9J-JPS1SI-7UHTMD-2X3OMU-4MNHRA', '2010-09-30 19:24:27'),
(180, '94RCJ4-QSE5SX-AB98XK-XOPNCI-ANBILO', '2010-09-30 19:24:27'),
(181, '956XOJ-S38MHG-GXO3NV-D931O1-P0BIWF', '2010-09-30 19:24:27'),
(182, '95WJXA-9R81CN-E4QVQ0-NKEMOB-UHBBMT', '2010-09-30 19:24:27'),
(183, '9805G3-0PUMQJ-NRRLGX-KL4KHG-5G1BG9', '2010-09-30 19:24:27'),
(184, '9957U8-T318D7-USHCWJ-1EOE5I-203SNP', '2010-09-30 19:24:27'),
(185, '99BLDO-BQHDG8-GLKRF0-H7LNZ1-9HZ443', '2010-09-30 19:24:27'),
(186, '9B4DK6-CKZQ6D-XYUCE0-8759H5-HD54VG', '2010-09-30 19:24:27'),
(187, '9EAU1H-XUA3JQ-3WM9YV-TG03Q6-HZHIKR', '2010-09-30 19:24:27'),
(188, '9EIBJO-7UPI72-RKIYY1-GZJTZS-3SNNMJ', '2010-09-30 19:24:27'),
(189, '9EJR34-VW796J-04JEC9-LK6PIG-A9DQ0W', '2010-09-30 19:24:27'),
(190, '9FHF5K-DH4PLY-6R956T-Y1EJHB-9EJBGZ', '2010-09-30 19:24:27'),
(191, '9G5QTX-ZVHXH1-CVGFFA-M180N9-LOKP0C', '2010-09-30 19:24:27'),
(192, '9GKIKA-VNR6ML-7Q85MI-VU1PDE-OVWS37', '2010-09-30 19:24:27'),
(193, '9KSIS1-V7L8FZ-FXSMPG-E7L6AP-TMTFWR', '2010-09-30 19:24:27'),
(194, '9S1PWT-PX1SO5-309JF6-UOPEMG-MUGVAB', '2010-09-30 19:24:27'),
(195, '9SD3JL-L2WNRC-TWG9ZS-K2MDRV-2SM82U', '2010-09-30 19:24:27'),
(196, '9TZ9SA-MCOLJW-UE1IQ4-40CDR5-ILVGFE', '2010-09-30 19:24:27'),
(197, '9VAE6D-PPPVPQ-5D0JN7-PQGVZ0-KNJ0KR', '2010-09-30 19:24:27'),
(198, '9WNSSW-0N2ESV-4HARWQ-6F93IV-EDFBI8', '2010-09-30 19:24:27'),
(199, '9XC3DP-ORLNPO-F6O75C-FB0H1Q-O3985W', '2010-09-30 19:24:27'),
(200, '9YC02U-JARAFL-IJ4AJZ-CA4TUY-7WU9UL', '2010-09-30 19:24:27'),
(201, 'A0Y24S-X9TRG5-2NC14M-P41VVX-UKBHR4', '2010-09-30 19:24:27'),
(202, 'A2DHJK-22VGRH-INGIV8-S29TSO-U27RFB', '2010-09-30 19:24:27'),
(203, 'A3F0YN-N1S05U-BP61GR-VRNKRV-ZX58IY', '2010-09-30 19:24:27'),
(204, 'A47V17-V5PT2E-4TTJLW-N80NNG-JB59B9', '2010-09-30 19:24:27'),
(205, 'A5A6HY-TMTORF-HV5X90-XFCVO5-HZQY4D', '2010-09-30 19:24:27'),
(206, 'A5XXNQ-RR0AX0-VW9IYI-S30T4N-0GKZCY', '2010-09-30 19:24:27'),
(207, 'A772PD-WRIEUR-YCMDV2-AUTA9I-DC1EXA', '2010-09-30 19:24:27'),
(208, 'A7O14L-FPR8IW-2Z9IUN-VK8DGQ-EXMLNC', '2010-09-30 19:24:27'),
(209, 'AAGS47-V9Y78H-0GNXHS-1NAQB6-KD7ADU', '2010-09-30 19:24:27'),
(210, 'ACHG6V-EYD7CM-D9FCRV-E9KU29-P2OLF9', '2010-09-30 19:24:27'),
(211, 'ADJGPE-O0EGHS-YSPVZY-8BAGR3-D2C4QI', '2010-09-30 19:24:27'),
(212, 'ADTT7L-Y8R74V-UXFUV0-8DAFBF-AR0BF4', '2010-09-30 19:24:27'),
(213, 'AIWIZ9-BTM650-EROMDV-QXAVM1-GEJQP2', '2010-09-30 19:24:27'),
(214, 'ALEA77-OUSMG0-F0SDL7-HULM5E-307VKE', '2010-09-30 19:24:27'),
(215, 'ALOQD1-OLIULU-XJK6F7-J0MZLN-HAVOUW', '2010-09-30 19:24:27'),
(216, 'AORSML-DYXPE5-T8K18S-EDEFFQ-ZAN07E', '2010-09-30 19:24:27'),
(217, 'ASY6PG-PDYQ44-PFNOP6-R1BPCC-UVWTZT', '2010-09-30 19:24:27'),
(218, 'AT8DOJ-HTVLFH-1C7OC0-QJOOEQ-QQXEIL', '2010-09-30 19:24:27'),
(219, 'AV02Q7-TBBDPE-RRSWDH-5MHUEP-P0DTW7', '2010-09-30 19:24:27'),
(220, 'AXFPLX-4JZFCE-HY779N-EVJ8IM-6HRNFZ', '2010-09-30 19:24:27'),
(221, 'B05W2C-GZYIAM-GJXIOU-KXADFV-HEK8MV', '2010-09-30 19:24:27'),
(222, 'B0KO6T-XCCN5R-G4PNG5-F5I17I-096ABD', '2010-09-30 19:24:27'),
(223, 'B278X0-XP99PA-AX08NU-YM3ZRW-SMIYRJ', '2010-09-30 19:24:27'),
(224, 'B29OX0-CXEYY6-PFOLGU-M627U2-XGGHRQ', '2010-09-30 19:24:27'),
(225, 'B2GUHT-QGBNGO-HRNT1T-X1HEOJ-8FH1NB', '2010-09-30 19:24:27'),
(226, 'B6O72E-U1C7WJ-CMJK92-72BWJ9-MIIM48', '2010-09-30 19:24:27'),
(227, 'B7O95F-S25HIK-GYVRIN-AU0DQF-L274UR', '2010-09-30 19:24:27'),
(228, 'B8H38K-5SCEFC-TL31RH-2FCS8Z-AT9ED0', '2010-09-30 19:24:27'),
(229, 'B8VQ2U-BQ3K3Y-65RCA0-X14H57-BTYNJW', '2010-09-30 19:24:27'),
(230, 'B9HQBX-8GCZQB-23OT5E-E83KUK-7AUVTN', '2010-09-30 19:24:27'),
(231, 'BAOX1D-7LN7LH-QL02XC-PA35RZ-GEDMSG', '2010-09-30 19:24:27'),
(232, 'BBQPKV-SU7LBG-LYT8T1-A256UZ-LASTLA', '2010-09-30 19:24:27'),
(233, 'BGSUD6-VF96KH-P64CB4-3FYASG-J0P2FG', '2010-09-30 19:24:27'),
(234, 'BH6N7J-QG32N6-IL82MC-52M2OI-774BRW', '2010-09-30 19:24:27'),
(235, 'BHSNL2-MERMEM-HXCOMQ-OB2PFF-VF8RUY', '2010-09-30 19:24:27'),
(236, 'BI8HDG-NVCZ1W-NC0DI5-9ZJVGL-E40EHU', '2010-09-30 19:24:27'),
(237, 'BJRUEF-9ZS0IH-GLATA9-X7BFNE-2MSYOK', '2010-09-30 19:24:27'),
(238, 'BM23TJ-2IRTCH-CN6WV0-OHXZ2A-U6HEVG', '2010-09-30 19:24:27'),
(239, 'BNTTYS-8OZKMJ-I3YNJT-TQ2MTO-Q28RCF', '2010-09-30 19:24:27'),
(240, 'BO9JB4-BOFH16-0A9D29-42DYJ9-BSE5WG', '2010-09-30 19:24:27'),
(241, 'BOE2H7-7WGG69-J2DSHK-L7ZCIR-D2G299', '2010-09-30 19:24:27'),
(242, 'BP1DY5-TR833Q-3A9BCO-XNK3M8-AX4BC4', '2010-09-30 19:24:27'),
(243, 'BUKTZB-S9HC2U-6QR3ZM-E2E8R2-EIBY0A', '2010-09-30 19:24:27'),
(244, 'BWO6RT-EFS4CG-TVODGC-EQM9HI-ODQTIV', '2010-09-30 19:24:27'),
(245, 'BY3ZX0-0W678A-697LV1-67VDZF-NM8I50', '2010-09-30 19:24:27'),
(246, 'BYPEJ6-1303QP-410U43-Q3LMHS-TMWMWD', '2010-09-30 19:24:27'),
(247, 'C075TZ-YZ9KRY-RKLL1X-UWX9VW-8OQHDI', '2010-09-30 19:24:27'),
(248, 'C3SC8J-GP674E-AEDIHQ-OTW6AR-9QXCZW', '2010-09-30 19:24:27'),
(249, 'C5EFFC-HR9178-AIHQ6G-IANIH2-WYBBLR', '2010-09-30 19:24:27'),
(250, 'CASS65-JZ0EK9-6Y9GMD-9T1WZM-KXO6KJ', '2010-09-30 19:24:27'),
(251, 'CFXILS-LSH6SI-VRE44B-ILEQEK-F4UBMA', '2010-09-30 19:24:27'),
(252, 'CHI078-JDUDW7-XO9XA7-41YMFU-J0LNC0', '2010-09-30 19:24:27'),
(253, 'CHXDCP-M9VBY0-X8L26D-M54O6U-1QEENZ', '2010-09-30 19:24:27'),
(254, 'CIJRD8-AN1KQF-9Z5MWM-IURGWF-FKV4WD', '2010-09-30 19:24:27'),
(255, 'CK1VVU-C6XG9Y-IXDV7J-8HX2X8-MO6UNJ', '2010-09-30 19:24:27'),
(256, 'CK60XA-FJ2DPE-QDQBEP-U6ZV53-GXV3SD', '2010-09-30 19:24:27'),
(257, 'CKJT4X-QYQS8S-0QD85Q-8IQZJO-DYTAQA', '2010-09-30 19:24:27'),
(258, 'CKXZCQ-1NB1K0-7395IS-JA7CMN-7YFDWZ', '2010-09-30 19:24:27'),
(259, 'CL740T-XNUZ2T-RGFBTA-NU3TFD-5N6QN4', '2010-09-30 19:24:27'),
(260, 'CMR3KJ-EXUFE6-AMVSIH-DGYV4F-T71N46', '2010-09-30 19:24:27'),
(261, 'CP3S1X-EHP1F5-JIIK6W-1WTICZ-XYEL9A', '2010-09-30 19:24:27'),
(262, 'CRLXD8-11CNIJ-9LSJMY-WVO225-X96N60', '2010-09-30 19:24:27'),
(263, 'CRTJ6I-IEQYX1-P9BRGU-G4DFAT-8UIV9N', '2010-09-30 19:24:27'),
(264, 'CSJZHB-XTPHCZ-Z822WH-974MIC-ZPCA6H', '2010-09-30 19:24:27'),
(265, 'CTW4TB-AHNS10-GTXLOX-2GE6NX-TOUSDJ', '2010-09-30 19:24:27'),
(266, 'CTYYWI-9586WF-7YQDP2-UPP9JM-IA2DUQ', '2010-09-30 19:24:27'),
(267, 'CW0LL9-AUKWOG-M5WCV5-RX2NWX-KBXE9A', '2010-09-30 19:24:27'),
(268, 'CWO5B7-NCG260-CPDHOY-VAUNK5-09MJ95', '2010-09-30 19:24:27'),
(269, 'CZWF6I-W6D9GT-89J3N7-ILHZDJ-88HCSG', '2010-09-30 19:24:27'),
(270, 'D2JSTE-625LTN-CWPGI9-FGEJ30-CE4SFN', '2010-09-30 19:24:27'),
(271, 'D3RVF3-C6VS5K-REF8KG-NXJXAH-HGFZJF', '2010-09-30 19:24:27'),
(272, 'D3ZTEZ-7FIUQK-Y2UY7T-VZXMDB-7Q2JOQ', '2010-09-30 19:24:27'),
(273, 'D5ETQC-BWZA8B-1R1NG9-88KFRQ-1CDS6B', '2010-09-30 19:24:27'),
(274, 'D7NDH4-WO4H7Y-BPJ6Z6-T9OE2M-AQ4E9L', '2010-09-30 19:24:27'),
(275, 'D8JI9S-5DUKTJ-DNVGQJ-WPOLGM-XNFDL6', '2010-09-30 19:24:27'),
(276, 'DAB5UL-1S3WE0-6PR8P6-LMUF8U-35JL2L', '2010-09-30 19:24:27'),
(277, 'DDJW9C-PDJ5M6-ITDTYS-5N2WOC-03UCB8', '2010-09-30 19:24:27'),
(278, 'DEAOYV-UGH9J2-0GDL0B-WNZUP5-5EA7B7', '2010-09-30 19:24:27'),
(279, 'DFMBEQ-40ZVGH-IJTM9W-C61Q6M-BJ4OTY', '2010-09-30 19:24:27'),
(280, 'DG6GTA-IZZ0TU-2O3TLV-1RTYCX-7FQ53Q', '2010-09-30 19:24:27'),
(281, 'DK14OW-CGLF1I-AK3YZ0-8C3HHB-3DJDG3', '2010-09-30 19:24:27'),
(282, 'DKVH81-EJHXO8-FL8M8S-K3ERMI-H2IJLS', '2010-09-30 19:24:27'),
(283, 'DNZ1H4-VP7I2Y-AMF6FE-SBD023-HB8RUU', '2010-09-30 19:24:27'),
(284, 'DPPXDI-8JWRVO-ZU5VAO-YB0GUR-L0YO0V', '2010-09-30 19:24:27'),
(285, 'DQD5B5-R4PDQ4-O8MNWN-D8I2AW-LSCI4R', '2010-09-30 19:24:27'),
(286, 'DSVC2L-KDZKSL-IEK5V2-N6BBPS-8VT6W3', '2010-09-30 19:24:27'),
(287, 'DT2K8K-20KI6K-GWBNBF-E3D1PR-TLKUFW', '2010-09-30 19:24:27'),
(288, 'DUC0NE-CIAOGU-V9IU4O-RBUR96-AGFXTA', '2010-09-30 19:24:27'),
(289, 'DUONIW-AZ8P0E-2NYVPQ-8YWNRJ-2W1NJB', '2010-09-30 19:24:27'),
(290, 'DVS5UL-KRLZQ6-BNPGBP-9OBTUD-FCGWYY', '2010-09-30 19:24:27'),
(291, 'DXFLA4-47CRMS-FWVNUW-9MO3KQ-L8KU1T', '2010-09-30 19:24:27'),
(292, 'E2778E-2L78QJ-VGEEYQ-58YCX1-OIA4FD', '2010-09-30 19:24:27'),
(293, 'E2YGVS-9J6B08-DEG4DH-6ZJ6WK-DAVKGY', '2010-09-30 19:24:27'),
(294, 'E3TADX-T373Y7-KHEGPV-A5QJCQ-HWHOJA', '2010-09-30 19:24:27'),
(295, 'E7L7G1-F2H2WO-OJ9V6I-UMDIO6-HSXGG0', '2010-09-30 19:24:27'),
(296, 'EBRN1W-6XB2XK-IQS3F7-HZWX0P-NA3YPL', '2010-09-30 19:24:27'),
(297, 'EBUMWM-ASA0VX-OKCR2B-YWLOWX-HPJNQA', '2010-09-30 19:24:27'),
(298, 'ECE9RO-DPYF7T-Y8UT7A-EVQ36M-BJ2A0O', '2010-09-30 19:24:27'),
(299, 'EEPZ6P-T88MI3-SQ2QKW-OTX5ZI-S3BU69', '2010-09-30 19:24:27'),
(300, 'EFBXVW-JI4KTI-9M2U4I-P3443G-XE1MSW', '2010-09-30 19:24:27'),
(301, 'EHQLEJ-GDNLKN-OTC5OR-Q40RZ0-DE34P7', '2010-09-30 19:24:27'),
(302, 'EHRXTF-1S7MGG-4L37XF-HHBQSN-9XCP5G', '2010-09-30 19:24:27'),
(303, 'EI4GEM-9JFO33-A98M9H-7HDANC-ILVPTY', '2010-09-30 19:24:27'),
(304, 'EIBVEE-M25HEY-BP6SSJ-5WB4R5-WXLEU7', '2010-09-30 19:24:27'),
(305, 'EIFBA9-PJOXP0-C36CNO-2ZLPFX-K7P5FP', '2010-09-30 19:24:27'),
(306, 'EIHENR-4XN1RF-FQRUU4-MFJ4CC-MHWRRQ', '2010-09-30 19:24:27'),
(307, 'EIWP94-BPB5G4-QT4WTV-EPC43A-QJEOX9', '2010-09-30 19:24:27'),
(308, 'EJOFKB-F5DDVN-0WZWCU-SD0C2L-75K6AI', '2010-09-30 19:24:27'),
(309, 'EK53QT-1CC4CI-H0989E-G6NF67-ADH7K7', '2010-09-30 19:24:27'),
(310, 'ELZDGF-0MT0K8-Q0ZQ4A-JXDYUI-DZEZMJ', '2010-09-30 19:24:27'),
(311, 'EP9KBH-HKIIFV-ONCCEW-YOGCL5-7AHQPY', '2010-09-30 19:24:27'),
(312, 'ERKTQZ-BZ4EUN-DJYM8Z-R2GDSI-KRCU8R', '2010-09-30 19:24:27'),
(313, 'ESGOTV-KNGKRQ-N7P80I-8GLEUS-MW5WMD', '2010-09-30 19:24:27'),
(314, 'ETGLXI-BI9021-RV370Q-1UL0A6-T712PJ', '2010-09-30 19:24:27'),
(315, 'ETLI6F-GQOGZB-SJ6K1O-VI53Z8-XWM0R3', '2010-09-30 19:24:27'),
(316, 'EYKFF5-E7OW3W-TNP5IO-AVCR8H-JW7SG8', '2010-09-30 19:24:27'),
(317, 'EYZSND-VSWD1U-EOTYYG-ZJL40O-HVXN3A', '2010-09-30 19:24:27'),
(318, 'EZOPFL-74FS6F-GZWIDG-ZX9K58-PZRMCB', '2010-09-30 19:24:27'),
(319, 'F18DTI-4635ZJ-4APWGU-HN3KGD-E8D7YV', '2010-09-30 19:24:27'),
(320, 'F1MEPK-0KFP0Y-209QQ9-R13U6T-CW4QRO', '2010-09-30 19:24:27'),
(321, 'F46GAQ-UR1BMA-3706AA-5J87TF-PXHOZ2', '2010-09-30 19:24:27'),
(322, 'F4ECNH-13QR50-WLJUHB-DMNFJV-IYDBSV', '2010-09-30 19:24:27'),
(323, 'F623OL-Y90XEP-J95J0M-2G2CX5-ID36RT', '2010-09-30 19:24:27'),
(324, 'F9VK4C-1KOK15-P45OJQ-RQAU76-K8A6EC', '2010-09-30 19:24:27'),
(325, 'FBJYO8-V01S6N-BWZYI3-GP5RYF-DE7DMB', '2010-09-30 19:24:27'),
(326, 'FBYY74-ROOJO5-GENTW9-82Y1SC-KZAA79', '2010-09-30 19:24:27'),
(327, 'FFPNGK-V0MW4M-E3PJD9-QCHHZ6-OR59TT', '2010-09-30 19:24:27'),
(328, 'FJP0T4-F9TGK4-P4BR17-UA1J2O-F9R0U0', '2010-09-30 19:24:27'),
(329, 'FLOPHG-J4PKY9-GJ4QGR-AUO7G0-4DFUZV', '2010-09-30 19:24:27'),
(330, 'FP62PN-PRWK3L-OSPJWS-I6C28K-ZEVG9T', '2010-09-30 19:24:27'),
(331, 'FS8P3G-UDAVM2-GQ2EOD-7B45GH-UZOI7W', '2010-09-30 19:24:27'),
(332, 'FTOOAG-YXXYGX-VRGLS2-UQF851-DZOUSX', '2010-09-30 19:24:27'),
(333, 'FTZ4VN-M0LCNK-7TTQ83-U040UC-FESQF1', '2010-09-30 19:24:27'),
(334, 'FYYQCL-EV8WBJ-H8B7AA-YBNRCO-SEBJZQ', '2010-09-30 19:24:27'),
(335, 'G0YGO9-PS0344-RGUKLR-V3N2HF-P1CXVZ', '2010-09-30 19:24:27'),
(336, 'G2U8KE-LBY6YF-8D0F2M-IYB02X-HP2OMC', '2010-09-30 19:24:27'),
(337, 'G4Y4HE-03XXBD-CBI1PO-6ZD990-FDG8TI', '2010-09-30 19:24:27'),
(338, 'G6LAVH-ZNF01O-CO4V2R-SRIDCK-089PK3', '2010-09-30 19:24:27'),
(339, 'G7S6QB-33OFF8-2HLBQC-040FCW-D2FYA2', '2010-09-30 19:24:27'),
(340, 'G7T3FA-SOMQU8-C1R8S2-LEHJ42-XQLEXX', '2010-09-30 19:24:27'),
(341, 'G8FN78-LMPBWI-630ANK-302MMO-KG87SC', '2010-09-30 19:24:27'),
(342, 'GBY7I0-JYI0F6-H12LYZ-ESLTB9-FO3THD', '2010-09-30 19:24:27'),
(343, 'GD3JYM-0K0GBK-RM4V8P-OJT6QG-9XBM65', '2010-09-30 19:24:27'),
(344, 'GDEDF9-PUAJAG-PEBHZ6-FCHERY-Y2PTWN', '2010-09-30 19:24:27'),
(345, 'GE2CFH-19N9SN-7IYX51-BU6G5J-C08BU9', '2010-09-30 19:24:27'),
(346, 'GEL8L7-MF0Z1V-47J741-7CQV0Y-ED1XRN', '2010-09-30 19:24:27'),
(347, 'GGMKVI-UCED7P-3HL8VV-FRXM75-QZ7FNA', '2010-09-30 19:24:27'),
(348, 'GGTEML-RAZB5T-HOTFG2-6F0XUC-PFM5I3', '2010-09-30 19:24:27'),
(349, 'GHJ3XI-R8IK6F-PMORHJ-4U75PY-KB0W3W', '2010-09-30 19:24:27'),
(350, 'GJGAZ3-4AKZZS-RKTPX6-6T41B6-BH23YO', '2010-09-30 19:24:27'),
(351, 'GL0L46-RB6DUT-ZCCDQ9-X3ZQXZ-GG420U', '2010-09-30 19:24:27'),
(352, 'GM5X1I-T3EOWU-1UVZBV-E0IXZ8-V243LH', '2010-09-30 19:24:27'),
(353, 'GO5QPT-852WIQ-SFX1G4-FH7O2Q-J69U3W', '2010-09-30 19:24:27'),
(354, 'GPGPAI-R50LDL-JH4H4T-A9H5GP-7IMHMB', '2010-09-30 19:24:27'),
(355, 'GVNPG3-4RGHS0-OMKSOV-UE9R82-A62QXA', '2010-09-30 19:24:27'),
(356, 'GWM0DD-6OAUKL-GS3UU0-6HD20Q-8ASOIU', '2010-09-30 19:24:27'),
(357, 'H6RM23-JY6LJ3-H61GDE-WIEAOU-4XAABN', '2010-09-30 19:24:27'),
(358, 'H7OW9E-AKYN07-S35YGT-198Q6G-LRG67D', '2010-09-30 19:24:27'),
(359, 'H9ZIXF-IO4EFJ-YW32NF-W0GG2R-CCTKR1', '2010-09-30 19:24:27'),
(360, 'HAVIAJ-5B4SPR-46II7C-GV4VRZ-SBI53P', '2010-09-30 19:24:27'),
(361, 'HBFTTH-V5XCZN-S3I8EK-K8FSGJ-ZUL8LB', '2010-09-30 19:24:27'),
(362, 'HFAAWI-Y88HZS-APY8G5-2K2CG8-B8S2UX', '2010-09-30 19:24:27'),
(363, 'HGHVUF-Y9PE3M-P360PD-78A6XF-417Y2B', '2010-09-30 19:24:27'),
(364, 'HHSDYQ-8UWSL7-1W7JNN-6YA40B-1TU734', '2010-09-30 19:24:27'),
(365, 'HIH6GR-0D1LIV-9M2ZBC-NSE4MF-J6T93B', '2010-09-30 19:24:27'),
(366, 'HL1O9Y-17U8O9-XGYZUB-UO6X4X-VFI1K4', '2010-09-30 19:24:27'),
(367, 'HN57UC-H3VPDH-FDFO86-BJP7ZQ-MMO8RJ', '2010-09-30 19:24:27'),
(368, 'HP9BSN-MM1TTS-NBB7NE-HWVZDM-WI5DFD', '2010-09-30 19:24:27'),
(369, 'HQ4N0Z-CX9778-HPYIX7-3E98JB-6VIX6V', '2010-09-30 19:24:27'),
(370, 'HQJAC8-87JFXW-R42B64-5E47IX-0VZYSX', '2010-09-30 19:24:27'),
(371, 'HU5I2R-YIY8MS-XRFUL9-TBV62N-6LUVZW', '2010-09-30 19:24:27'),
(372, 'HVG544-K3WITV-0JO9D9-X1037A-14FFCZ', '2010-09-30 19:24:27'),
(373, 'HVY2XA-Y2Z52X-BJICBD-3G5EHB-DZFY00', '2010-09-30 19:24:27'),
(374, 'I07SQ7-FKHA41-CBR8T7-YCQ47I-6G3M70', '2010-09-30 19:24:27'),
(375, 'I2CAXX-2SVMM2-169TZQ-TEN9GL-QWO33I', '2010-09-30 19:24:27'),
(376, 'I58UMT-0C49O6-ERSF6Z-1730U3-9L0Y2B', '2010-09-30 19:24:27'),
(377, 'I5SKIL-6INMBU-E6GL20-M11DJ5-SRQFPF', '2010-09-30 19:24:27'),
(378, 'IAORCI-CN90RW-DQB4U8-5D4HS4-9CJEYX', '2010-09-30 19:24:27'),
(379, 'IB7DTZ-BYOBYL-PM6NCO-24Q6SE-J73DV8', '2010-09-30 19:24:27'),
(380, 'IBQHNB-IAGYMW-1VLNEQ-ENPUCK-9A12L4', '2010-09-30 19:24:27'),
(381, 'IFCFT6-7E9ZMK-LJQB93-1SCCL9-8SO2WW', '2010-09-30 19:24:27'),
(382, 'IGIS6G-SOW884-11T6UQ-5U0VI6-6ON2D8', '2010-09-30 19:24:27'),
(383, 'IHR2QJ-K09UIA-0LZ4D8-X84UJZ-A5POLT', '2010-09-30 19:24:27'),
(384, 'II6YY2-IF3CX0-JSMAJ9-WDQMCZ-NIWBJC', '2010-09-30 19:24:27'),
(385, 'IJ0JQ2-HHCLG8-J95J5J-RAW01K-152XYH', '2010-09-30 19:24:27'),
(386, 'IK04WN-N7360F-8LGH5C-ZEF8D5-6X8A2Z', '2010-09-30 19:24:27'),
(387, 'IKON0Z-RNGPPD-GAYR5G-EQSZCM-89JXQ9', '2010-09-30 19:24:27'),
(388, 'INOYDJ-JMPZUG-763678-NG08Y8-7Q4KXX', '2010-09-30 19:24:27'),
(389, 'IO8W8Z-9DZDG5-HIVWFY-C5WVF5-5R267X', '2010-09-30 19:24:27'),
(390, 'IRIGKF-Y3132I-5XPFDL-2L0FK9-Y2YIV8', '2010-09-30 19:24:27'),
(391, 'ISBT7G-YE6OZZ-Y30WR4-2JBY0K-E76CN9', '2010-09-30 19:24:27'),
(392, 'ISOPFB-VB2K2Q-BEAR5G-87JI4F-HBHFMW', '2010-09-30 19:24:27'),
(393, 'ISOTKX-65ZEPI-0PYGUX-6CM00A-H74FST', '2010-09-30 19:24:27'),
(394, 'IT1GAB-TZFLR9-LDBAO0-U58O2H-AW514L', '2010-09-30 19:24:27'),
(395, 'ITC0EE-GN3ZTH-G9AC42-PEFERD-3XEGXC', '2010-09-30 19:24:27'),
(396, 'IV376F-T95LJW-S0N7C5-41VHBY-6FPIUH', '2010-09-30 19:24:27'),
(397, 'IVBR4H-MUWZ9F-COULMQ-C6CN93-WR6ESI', '2010-09-30 19:24:27'),
(398, 'IVUVAO-TNYYQU-OSB1DK-10DU3U-YVO4SR', '2010-09-30 19:24:27'),
(399, 'IY2TK4-I1BPCN-4YQDMT-ZXF09V-1WH8UM', '2010-09-30 19:24:27'),
(400, 'IY8ILL-N3PH1Y-9ICZU2-C37GB8-MXD3C2', '2010-09-30 19:24:27'),
(401, 'J3BDTP-UJYIJ8-DFDZW3-F2TKNB-5SF6QM', '2010-09-30 19:24:27'),
(402, 'J6NDKU-FNZICB-AMTOJB-EOYESO-245XV1', '2010-09-30 19:24:27'),
(403, 'J8HOL4-48GEGF-SIY5HH-II98EL-QUGH1J', '2010-09-30 19:24:27'),
(404, 'J91FSU-YR88YX-ITX21Z-SZ68H0-ZUTVI3', '2010-09-30 19:24:27'),
(405, 'JCBAGK-R3UF26-0YUWDR-CJWTGA-EVXK71', '2010-09-30 19:24:27'),
(406, 'JCC4RD-RFLYPK-12EGP6-B0NV3N-D2P7TW', '2010-09-30 19:24:27'),
(407, 'JDUBCQ-VPL2P9-V2D8RH-2QL2YJ-4NWO8F', '2010-09-30 19:24:27'),
(408, 'JJH4ZT-KH0BL5-JKLLT9-MTXRYD-8PTZ9C', '2010-09-30 19:24:27'),
(409, 'JMK3YC-9O8T0V-C7XO5E-F2OHGA-PXIE7T', '2010-09-30 19:24:27'),
(410, 'JMS93Z-4MB798-LIBU2Z-4XT8PS-8U4I5Z', '2010-09-30 19:24:27'),
(411, 'JPC1N5-F6MC8I-LIOPS6-B7TGQS-6RO8HG', '2010-09-30 19:24:27'),
(412, 'JROQB3-HU8EBI-JSFWVF-BAQJ9V-5ZZXO0', '2010-09-30 19:24:27'),
(413, 'JT1M0H-XFPK1O-WVYOZQ-2DIKEE-E8W0QJ', '2010-09-30 19:24:27'),
(414, 'JU9UC9-UQNII0-8L9EWP-PABC94-Q7WC5L', '2010-09-30 19:24:27'),
(415, 'K0XAT7-W3MO8D-1GOCZD-B2EYRW-Z9OJ7S', '2010-09-30 19:24:27'),
(416, 'K2IDO6-CHG5C8-AK6PPU-JQ15LM-G41FEG', '2010-09-30 19:24:27'),
(417, 'K2JK3Y-8ZBLBI-SM92GK-ITK4JT-LLYKPY', '2010-09-30 19:24:27'),
(418, 'K42TID-LKGNG7-UWAFGL-LVGBKB-JQ4XX2', '2010-09-30 19:24:27'),
(419, 'K54YZM-6PX1BV-M72B5I-37I9FM-0O7VC1', '2010-09-30 19:24:27'),
(420, 'K7BI65-OZ6T8I-8TXSBJ-3K6153-9KN21T', '2010-09-30 19:24:27'),
(421, 'K9XDPD-KNAI3S-6YYQHS-681HCQ-RMZK7F', '2010-09-30 19:24:27'),
(422, 'KD8F2T-O3EOWO-GMC73V-10PKC9-9MJTAR', '2010-09-30 19:24:27'),
(423, 'KEGX2X-B4F3MN-1U2EO9-4IUO8P-PMB22K', '2010-09-30 19:24:27'),
(424, 'KIIWTM-I45VPF-WPT61Y-B9M8ST-VH8VMX', '2010-09-30 19:24:27'),
(425, 'KIOG45-YSFN0L-KFCY7P-AODNFL-RXNTQB', '2010-09-30 19:24:27'),
(426, 'KN98VR-4WLP9W-SZ28EY-TFUDVW-TH0WHO', '2010-09-30 19:24:27'),
(427, 'KOLI8P-9OWXKS-SE3VNB-Z6MZIR-FF1D9O', '2010-09-30 19:24:27'),
(428, 'KPQ6TK-B9IG3C-GNZ29K-QD1AUE-5MUADO', '2010-09-30 19:24:27'),
(429, 'KS4RZ6-VIT3Y6-ZXYLLH-DUKSE0-JPII98', '2010-09-30 19:24:27'),
(430, 'KT3SAC-AO3K4W-ZWU46T-77WMO0-87HV8L', '2010-09-30 19:24:27'),
(431, 'KTILK6-8S2NFX-UN3G0A-4R0AQL-LOI6LL', '2010-09-30 19:24:27'),
(432, 'KXLXN4-MR3VE8-2SFYAF-HHT04W-FDHB5S', '2010-09-30 19:24:27'),
(433, 'L1BCPV-NN54CB-5RRJC6-Q02J8B-12016O', '2010-09-30 19:24:27'),
(434, 'L8TCM2-BFJNA9-ZE6NJ9-VCJ95P-SZF9JI', '2010-09-30 19:24:27'),
(435, 'LC7BQW-6OGQ7A-NQVADC-H9EWHT-KL93F9', '2010-09-30 19:24:27'),
(436, 'LC7M1L-9S8SGK-OL02M9-WXGZXM-ONDT29', '2010-09-30 19:24:27'),
(437, 'LD3YUU-D3CEBM-FY738X-LQGET4-D4SIYH', '2010-09-30 19:24:27'),
(438, 'LHLGJB-GFYCBC-O996EV-VUAHGE-AM410W', '2010-09-30 19:24:27'),
(439, 'LJ85IE-H29BSP-O11YMY-PSK6NB-5KJ644', '2010-09-30 19:24:27'),
(440, 'LJLNZ5-AWVGSH-WWPGKG-7CCGM0-OUGI8T', '2010-09-30 19:24:27'),
(441, 'LJPK6L-AHHI8Q-OD8QPD-3RGK4X-1DYI74', '2010-09-30 19:24:27'),
(442, 'LLOG0D-RUEKFA-IX4W1T-RB4IU6-YAHQ27', '2010-09-30 19:24:27'),
(443, 'LMSX4F-M9119Q-LTNKPN-42V3PS-ALGYFW', '2010-09-30 19:24:27'),
(444, 'LPIUAB-0PG4U4-ZKUXLD-Y3HTDO-R9UAP4', '2010-09-30 19:24:27'),
(445, 'LQ8KS4-S0M9ES-2R2PYK-DSMIJS-QHBP4Q', '2010-09-30 19:24:27'),
(446, 'LRWXNG-UJ0CH2-WB3RBS-MKP73P-RMM2UR', '2010-09-30 19:24:27'),
(447, 'LUQGWB-ZJTQ6T-BTBMOX-RJ28Z1-NRHXZ8', '2010-09-30 19:24:27'),
(448, 'LWFOIZ-ZGKBEF-4CWK3W-9TTWI4-90IFO5', '2010-09-30 19:24:27'),
(449, 'LX655W-TDDLG4-W4PTXQ-VZPZZX-W8G9IV', '2010-09-30 19:24:27'),
(450, 'M3HMKZ-3CL01L-1ROZYM-8UFXCV-82EOTJ', '2010-09-30 19:24:27'),
(451, 'M4JUMB-74O74T-REOOEC-SLCQDE-ZX7SO0', '2010-09-30 19:24:27'),
(452, 'M4K53H-CHASC2-KP6PYY-OUA9GL-NONKW9', '2010-09-30 19:24:27'),
(453, 'M4KK9Z-ENF9NC-MEN2QT-0MM2TK-Y1AS4D', '2010-09-30 19:24:27'),
(454, 'M4NFKB-DX412P-RIMC6N-EDVB6U-SJQL4M', '2010-09-30 19:24:27'),
(455, 'M4R44I-RVEVD8-ULCOKR-Q91FDD-5GMHHO', '2010-09-30 19:24:27'),
(456, 'M86TO9-O9GV7T-GIC0KL-TJM0N8-FAPW34', '2010-09-30 19:24:27'),
(457, 'M9T4UP-G5T6ZN-WWGTNF-X6088F-XV3OYE', '2010-09-30 19:24:27'),
(458, 'MB1WQK-QVD3AC-I1P7RE-CYMOUL-900UVE', '2010-09-30 19:24:27'),
(459, 'MBK1GY-S1HCU1-DG6B9S-P1YMD9-LUSCAK', '2010-09-30 19:24:27'),
(460, 'MC57WS-M6ZEUL-UXDYVS-KYL4BP-462D79', '2010-09-30 19:24:27'),
(461, 'MED150-7WIS0S-WCWL7D-KY2WSY-PR4WGA', '2010-09-30 19:24:27'),
(462, 'MFAJ4W-P286DJ-6KSJ7D-22W83A-NFO2D8', '2010-09-30 19:24:27'),
(463, 'MFBPO7-KRFH68-6CQHIM-HKHHTI-BTBZWQ', '2010-09-30 19:24:27'),
(464, 'MFBV6W-ZQ9ALV-58RTNV-V9OT5D-DFLHLZ', '2010-09-30 19:24:27'),
(465, 'MGUMPR-ID2C9M-2AND5D-SJ1CQE-2YMPBK', '2010-09-30 19:24:27'),
(466, 'MJJTOJ-4SWN8T-GMXEW2-81TSRC-7SP3JP', '2010-09-30 19:24:27'),
(467, 'MK2TBW-R41VJS-22LX6X-7W48G0-4VV3HK', '2010-09-30 19:24:27'),
(468, 'MNB75P-06KRT6-JUZ2HE-P45IHY-P7X4XI', '2010-09-30 19:24:27'),
(469, 'MV3GZM-RIRK29-WIOS7V-IR3Q9U-XMYUR6', '2010-09-30 19:24:27'),
(470, 'MW94YG-WABFB7-0R7XE0-I07L98-5HI60P', '2010-09-30 19:24:27'),
(471, 'MX03PC-OJWU1O-HKR069-W1ELC2-POAQXI', '2010-09-30 19:24:27'),
(472, 'MZXLL2-Q24MWG-63H96E-9HA2WC-DLVBPL', '2010-09-30 19:24:27'),
(473, 'N0BQ9K-GNAD9L-0YVLPM-R58Y1O-R69ZCH', '2010-09-30 19:24:27'),
(474, 'N14BEN-79VZ2O-CSAHJL-F5HRBB-3FWD3X', '2010-09-30 19:24:27'),
(475, 'N8FT47-2308YL-MHOQ3C-S8D25G-C93HFP', '2010-09-30 19:24:27'),
(476, 'N9OTV9-RRTD5D-DZM36T-A06MKE-KGFDIR', '2010-09-30 19:24:27'),
(477, 'NIFU5A-PV7A0X-WFSCXU-A3FM89-RF0DC9', '2010-09-30 19:24:27'),
(478, 'NKPXD0-XYCQJS-4TQ2GU-AHG9IB-5ENWFK', '2010-09-30 19:24:27'),
(479, 'NLB1TA-FFDN3T-LNXBLH-3JGCZO-VHYAXX', '2010-09-30 19:24:27'),
(480, 'NLLY55-NTZQCK-S9NXVR-1YB27V-VQ6N80', '2010-09-30 19:24:27'),
(481, 'NNET9P-UK96BO-AG7LYF-YMBQJF-NAZIMN', '2010-09-30 19:24:27'),
(482, 'NSLY4Z-1EBZAM-EC1WUT-4PSAWM-RUN7H8', '2010-09-30 19:24:27'),
(483, 'NT7ODZ-CHDG1E-I8UYPP-0Z2M33-JKTSTA', '2010-09-30 19:24:27'),
(484, 'NUVLZD-S8RDVH-G8JEYS-H0F4IT-JLFWLX', '2010-09-30 19:24:27'),
(485, 'NVH3I9-EURDG4-GUHMBW-JAHVDX-UAPT7F', '2010-09-30 19:24:27'),
(486, 'NW88NR-0PKFSX-ODYS9Q-V6ZT51-BIBGBD', '2010-09-30 19:24:27'),
(487, 'NWE1C5-KRF665-YTU03O-9N8GTD-RNWS3Z', '2010-09-30 19:24:27'),
(488, 'NXETVZ-O1B0HQ-42ZPPR-N3E29D-3BUY3V', '2010-09-30 19:24:27'),
(489, 'NZXEKP-Z4HFHV-J19MQP-TIZ1MB-QKGBEK', '2010-09-30 19:24:27'),
(490, 'O1VUXR-M4LIVG-4PW1UL-2LCQ36-TVC3V7', '2010-09-30 19:24:27'),
(491, 'O49GHF-HXX31A-TK3ZA7-WY6SC1-VEBZAN', '2010-09-30 19:24:27'),
(492, 'O5ET95-40OBV9-FE6YOC-HZ8Z92-G2XDWW', '2010-09-30 19:24:27'),
(493, 'OAAKRU-7TRO31-XW84U7-CO9QJO-S5VIF8', '2010-09-30 19:24:27'),
(494, 'OAEMVJ-Q4BDHQ-XDKAOR-2S5EV6-8IF9G6', '2010-09-30 19:24:27'),
(495, 'OE34KF-0MS5JY-7A3VJ9-HLI27T-7V72KZ', '2010-09-30 19:24:27'),
(496, 'OE99OQ-XQVZYL-EZH9O3-M0O1PH-Y8QA8F', '2010-09-30 19:24:27'),
(497, 'OG8CBJ-3IK1XH-X0QVKB-CH4O49-VF262H', '2010-09-30 19:24:27'),
(498, 'OGJD02-N11WSG-VRSLCJ-H0BI7Y-Y62SN8', '2010-09-30 19:24:27'),
(499, 'OGNH7W-EXS75J-YKNW4L-92PFZO-J4M91J', '2010-09-30 19:24:27'),
(500, 'OJ4JN9-FD2XOF-8OEBSL-RHY58X-2402T8', '2010-09-30 19:24:27'),
(501, 'OJ6X0X-8Z1S40-LZQ30H-7WXVL1-PAQXQ8', '2010-09-30 19:24:27'),
(502, 'OK8WN2-A4QEOY-15ODPK-6JU98A-RJ1CSO', '2010-09-30 19:24:27'),
(503, 'OLRVA5-SBEXVB-YKA6QJ-7FD712-U55N64', '2010-09-30 19:24:27'),
(504, 'OLX5FK-68G0LM-UC65L4-4CCF24-YAGYF9', '2010-09-30 19:24:27'),
(505, 'ON2TF5-JAQ9AB-E167Z9-FMYK5I-A7JUKH', '2010-09-30 19:24:27'),
(506, 'OPF0OP-VTQV1F-SJHGY2-W37RMU-QUK6CX', '2010-09-30 19:24:27'),
(507, 'OQ4HVY-4Z5SEY-RMN2OV-PPY4TV-AXA729', '2010-09-30 19:24:27'),
(508, 'OSV0OJ-BJEKV0-6OT87N-SQFRF5-QI6C5V', '2010-09-30 19:24:27'),
(509, 'OVJSHU-6S6FOD-9FVULE-YBEXX6-PNPQG5', '2010-09-30 19:24:27'),
(510, 'OVSN6H-LLYZOC-H6SUN1-V3Y4I9-EE3HDT', '2010-09-30 19:24:27'),
(511, 'OW75UM-NVQ97O-S6D0O6-RJFV87-7Y6NRK', '2010-09-30 19:24:27'),
(512, 'OWEES9-SAOV6H-7TR4ZC-16ZIFX-XOH93D', '2010-09-30 19:24:27'),
(513, 'OYD6GA-T8HLYI-MENYCC-NV62ZJ-TQ6UPE', '2010-09-30 19:24:27'),
(514, 'P0IY1P-C4XS88-RSDTXK-F7FSR6-805R90', '2010-09-30 19:24:27'),
(515, 'P0L1F2-HMHMPQ-3VIOT0-GU885Y-HNCPI6', '2010-09-30 19:24:27'),
(516, 'P11JQ8-0OAIU9-3UQCNK-XP8WIU-073WNU', '2010-09-30 19:24:27'),
(517, 'P3JNKX-FGSP00-O2D7NQ-QAKQ4R-44BTDW', '2010-09-30 19:24:27'),
(518, 'P3R87B-NEI7Z8-NZ42UY-3147QQ-NB87OH', '2010-09-30 19:24:27'),
(519, 'P4B9JL-Y9R822-QCQNV4-LP6O25-GIFIKM', '2010-09-30 19:24:27'),
(520, 'P4ZVFM-TZ4IVY-QEQJNA-NB7CFB-X0HNE2', '2010-09-30 19:24:27'),
(521, 'P520VK-0NN7US-JN1DBD-M7NNKL-WGTGHD', '2010-09-30 19:24:27'),
(522, 'P58VPU-YBCL1K-BJJGZY-ZL9U82-5M7S8W', '2010-09-30 19:24:27'),
(523, 'P6RH56-U89CTR-2JAJEV-KQ3ST5-47FAOV', '2010-09-30 19:24:27'),
(524, 'P8IF2P-RXH1RX-CCWK5A-CRSUEK-TXP6OQ', '2010-09-30 19:24:27'),
(525, 'P8J5PN-0GG0EJ-YL3DUK-C1Z35J-8F6VOL', '2010-09-30 19:24:27'),
(526, 'PA0FUV-KXV6WO-Y9Q5QG-4H0POO-UF32H6', '2010-09-30 19:24:27'),
(527, 'PDYTUC-JWJMFM-M2RZY8-HXXKZF-I08HPO', '2010-09-30 19:24:27'),
(528, 'PGUYSU-6D5B8W-049ZTM-ZJR15G-ONO94Z', '2010-09-30 19:24:27'),
(529, 'PHEI8K-ZW34I9-NZQ4DK-CC6I4S-28CXCA', '2010-09-30 19:24:27'),
(530, 'PHS49S-1GJIIP-QAX47D-EHW2O7-NAJ4XU', '2010-09-30 19:24:27'),
(531, 'PIZAP8-PM2GL2-ZXNPJD-GQH1X1-QNDTMU', '2010-09-30 19:24:27'),
(532, 'PN0HHD-MP63DT-IO0QKM-LKYKS8-W2EVN3', '2010-09-30 19:24:27'),
(533, 'PN7OR3-WNJJX1-AL1D3L-CZ4VHR-2JWEPC', '2010-09-30 19:24:27'),
(534, 'PPSPMF-3IVNIZ-7PCI57-HR11CG-UMT3E7', '2010-09-30 19:24:27'),
(535, 'PRGW1O-1UIKEC-7NRXRT-3SCUJR-ORJ6NC', '2010-09-30 19:24:27'),
(536, 'PSAM86-GRMMDJ-8HMO4S-OIFU43-8J287G', '2010-09-30 19:24:27'),
(537, 'PSDEKO-A0H7SV-IP956B-9DGYGZ-I696DM', '2010-09-30 19:24:27'),
(538, 'PTOD17-ZXD8U3-N1ZBAH-SFZHZK-53CXUB', '2010-09-30 19:24:27'),
(539, 'PUROFH-BH63DE-N9SN5N-3SXIK6-6KOCH8', '2010-09-30 19:24:27'),
(540, 'PUZE4R-DVFMZ8-IA3UV0-A6L0NJ-UAB437', '2010-09-30 19:24:27'),
(541, 'PX7ROY-0C11KN-GU4QKY-QOSGKF-1UD15T', '2010-09-30 19:24:27'),
(542, 'PY8VRR-Q4DJGC-NJ1182-T74YQH-EM2RJV', '2010-09-30 19:24:27'),
(543, 'PYK384-S8QXSG-D6Q82Z-AE5RNF-H6HLT8', '2010-09-30 19:24:27'),
(544, 'PZ6JBW-NIC5SK-5B3CMI-4CZGX2-UF8B6H', '2010-09-30 19:24:27'),
(545, 'PZVASU-WZ7MJT-72PA2J-LKMXBF-P10Q2X', '2010-09-30 19:24:27'),
(546, 'PZW4DZ-HY1IIK-F1TF4X-2LEVAN-JVY7H4', '2010-09-30 19:24:27'),
(547, 'Q0W5CH-ANV8KY-BN4V1L-NLPGF8-QXRMFR', '2010-09-30 19:24:27'),
(548, 'Q18O3K-2LGGQK-T9PW7R-25XQV9-XU14ME', '2010-09-30 19:24:27'),
(549, 'Q1FPZI-QVOW5I-AGBXLN-ENLIGG-JCMKL4', '2010-09-30 19:24:27'),
(550, 'Q3IX32-ZT6SVO-FK90JL-R5ODLG-H5RLWJ', '2010-09-30 19:24:27'),
(551, 'Q4IR4J-Q19RX7-JXDZN0-QZ5ELZ-BMS3MH', '2010-09-30 19:24:27'),
(552, 'QB2NNH-XXJM3K-RVM7NP-7HJY3L-RCSTTH', '2010-09-30 19:24:27'),
(553, 'QEA6DB-FKBCUX-5Z9MYS-3AQDVQ-4FCZWS', '2010-09-30 19:24:27'),
(554, 'QF05WC-RQJAUC-P0KMAV-PD5TXJ-3BI913', '2010-09-30 19:24:27'),
(555, 'QFO08Z-GPWA60-BMZFFJ-8V2NOW-Q5IWGX', '2010-09-30 19:24:27'),
(556, 'QHLRXJ-BI9GI4-Z1O91H-1JWITC-UGQ2ZW', '2010-09-30 19:24:27'),
(557, 'QKGZ42-VH60QO-K85UF7-RQDC7I-DTQOXH', '2010-09-30 19:24:27'),
(558, 'QMBP1S-6T4LSX-RQ4L7E-M1GWF5-XXY84A', '2010-09-30 19:24:27'),
(559, 'QPDFAR-TUGAQF-QMSQCJ-NONRN2-4XMVVG', '2010-09-30 19:24:27'),
(560, 'QQ3Q6L-B2Q863-0Q8T4P-WJ32NL-DSH6TZ', '2010-09-30 19:24:27'),
(561, 'QTU297-KOU1S4-GPDDQI-XZ3WWN-QC1A6L', '2010-09-30 19:24:27'),
(562, 'QVOJ54-29WMWH-0PK8ZJ-E6JJIJ-ZRKJ28', '2010-09-30 19:24:27'),
(563, 'QYHU06-X1YPW4-33KDZ3-XIIHXJ-ZFXWZI', '2010-09-30 19:24:27'),
(564, 'R3JCG6-DX8YPX-3YMOIR-BUOFF1-RSZ2LV', '2010-09-30 19:24:27'),
(565, 'R777VJ-1HN7RG-FFZPC8-TSRYC2-SCV4YA', '2010-09-30 19:24:27'),
(566, 'RE7CS5-59WX2F-PEWCUZ-T65IZC-9TI4QL', '2010-09-30 19:24:27'),
(567, 'RE8YTC-1NECAP-2FM8LA-XYIR87-2KWNDJ', '2010-09-30 19:24:27'),
(568, 'RFHOPY-60G2Q2-1EXWDN-NTWSM6-NJOP66', '2010-09-30 19:24:27'),
(569, 'RG3LS3-HZQV22-T990DP-DKUUX1-8PCTXI', '2010-09-30 19:24:27'),
(570, 'RIH2V9-O8WRQG-AJD133-FT8NPH-TZGETB', '2010-09-30 19:24:28'),
(571, 'RJ7PKL-NDCTJH-GDAAID-JMVOQ4-L1GFPX', '2010-09-30 19:24:28'),
(572, 'RMHHUI-R8ZHQW-8H6IGO-A4JOLD-VERHWV', '2010-09-30 19:24:28'),
(573, 'RN6G3E-AP3FNL-SKL7ZC-PNG3MC-TDH2SY', '2010-09-30 19:24:28'),
(574, 'RO6JG3-UMBTRD-T30LI0-L33PXW-YP52B9', '2010-09-30 19:24:28'),
(575, 'ROYLGE-M29ML6-YB4K00-36UTJD-9JHB2W', '2010-09-30 19:24:28'),
(576, 'RR1OI3-2OPVDB-NV8WJS-YJ0P0C-9INEYW', '2010-09-30 19:24:28'),
(577, 'RRYJFR-F71SZ4-GGLZBX-HNJCYE-JLPA6P', '2010-09-30 19:24:28'),
(578, 'RTB30S-99GBLX-7FFYDI-YUY9ZT-IGBBTP', '2010-09-30 19:24:28'),
(579, 'RVDPZV-11DYB1-J06YYB-7ONQOJ-JYCEEC', '2010-09-30 19:24:28'),
(580, 'RVMFFJ-MIW6WD-124ID6-4GDJO4-ZZVRMP', '2010-09-30 19:24:28'),
(581, 'S1KG1S-MXSNWT-XXR9OJ-8J4COH-WUYQTE', '2010-09-30 19:24:28'),
(582, 'S4NA8D-U4MI01-KHSP8H-OYIWIN-JDBZAQ', '2010-09-30 19:24:28'),
(583, 'S7EO5T-COLMPL-FBC72O-FTKO56-HZ4XV4', '2010-09-30 19:24:28'),
(584, 'SAE0J1-OY5GU9-854OBH-FY0K9Z-RZEL26', '2010-09-30 19:24:28'),
(585, 'SAHJGO-QDSYT1-WZQR8I-KXB813-5RI2QZ', '2010-09-30 19:24:28'),
(586, 'SFRFNN-W61ZX0-DHHWTY-96PYWX-NNKL7W', '2010-09-30 19:24:28'),
(587, 'SHMOMQ-YE64EV-22VWA4-84I7H2-00QLYA', '2010-09-30 19:24:28'),
(588, 'SL1P8W-VVWJ7D-18A2XK-88EOWR-YLUU52', '2010-09-30 19:24:28'),
(589, 'SMYD3S-WK30O8-C1MNLJ-UBD2LO-R6RVBY', '2010-09-30 19:24:28'),
(590, 'SOX5DB-3UMFQT-F9VBN3-1W5Z46-IKPSBT', '2010-09-30 19:24:28'),
(591, 'SRTSO5-WIN91H-MSDD0J-REN1BB-N74O3O', '2010-09-30 19:24:28'),
(592, 'SSCQNP-ZAJ0SM-6J45CT-MAMM1F-U1DUJU', '2010-09-30 19:24:28'),
(593, 'STQJUW-ADUOA4-KXBLG5-SWMXCE-N29G4I', '2010-09-30 19:24:28'),
(594, 'SV073U-THTJJ3-6LPT3Q-5JDTGK-0V0B9W', '2010-09-30 19:24:28'),
(595, 'SVONLD-U1BU04-P8UQZ4-BZLN57-1KG0A8', '2010-09-30 19:24:28'),
(596, 'SYGHWO-KC5B2L-2IZESR-0X2HW5-5CUPIB', '2010-09-30 19:24:28'),
(597, 'SYSAZA-0O1EUJ-CW8ALB-QXLSFW-E5V2IM', '2010-09-30 19:24:28'),
(598, 'T1E9KU-7I127P-CROSXB-BHC1T9-ITZI9D', '2010-09-30 19:24:28'),
(599, 'T1HD8P-YTQ3JA-LQ7SBS-I4OW13-7SL48K', '2010-09-30 19:24:28'),
(600, 'T21EXR-RIBSIS-H51RLP-I4044K-C02DXT', '2010-09-30 19:24:28'),
(601, 'T4I0KK-AMXNZ2-FGV6YE-OSU2RJ-MYJV2F', '2010-09-30 19:24:28'),
(602, 'T5E1DW-IGST19-25KYXZ-EZ2Q1Z-MASMHH', '2010-09-30 19:24:28'),
(603, 'T5QQUW-G0WJOX-YV4MP7-IE98P4-YWQMKL', '2010-09-30 19:24:28'),
(604, 'T6NVSM-5DTC99-KEZJQV-ODLL9S-RVWWR5', '2010-09-30 19:24:28'),
(605, 'T98SBQ-U6JCA7-S3I05Y-HIP2EN-CW4EBI', '2010-09-30 19:24:28'),
(606, 'T9B90A-115NHB-44WCKS-VOGSHO-IWQA8F', '2010-09-30 19:24:28'),
(607, 'TCESS2-UCTIEZ-1RKK9Q-O8HHX4-TE11XF', '2010-09-30 19:24:28'),
(608, 'TFL5SV-O92KQU-Z7BDA2-991974-SRNRES', '2010-09-30 19:24:28'),
(609, 'THKKR5-8V8HCU-5QNILH-8MJ522-2TBL69', '2010-09-30 19:24:28'),
(610, 'TLVZV6-12B8DE-LGW2LA-1MZMHJ-L22QTE', '2010-09-30 19:24:28'),
(611, 'TMG65O-7HM08M-6IHH04-75V79W-IQJ5QR', '2010-09-30 19:24:28'),
(612, 'TNTQLC-JNZLIF-FH0JJ0-LPOBA8-DXKUR4', '2010-09-30 19:24:28'),
(613, 'TOAP8I-N3ZQ4T-C6YHKB-HH2LVJ-230WBJ', '2010-09-30 19:24:28'),
(614, 'TP0K65-3OKYYZ-DQEVE4-8AYDCW-GBAEEH', '2010-09-30 19:24:28'),
(615, 'TSL2JX-TPW855-O7AOYR-FP0UVN-7EKBRG', '2010-09-30 19:24:28'),
(616, 'TUWMZX-ID12G7-1RVMQF-GP03MF-1PJF9T', '2010-09-30 19:24:28'),
(617, 'TWTHYV-CDVF3O-ZIW9I7-RNZBEF-ZEVZK4', '2010-09-30 19:24:28'),
(618, 'TZQSV0-TWDOS9-00ZTBN-APJXPT-78S49X', '2010-09-30 19:24:28'),
(619, 'U1WMZG-E6V56Y-7905EQ-AHHDPR-ABYYHY', '2010-09-30 19:24:28'),
(620, 'U2KXU3-JFIKPG-J4PPAF-FQBQ1T-DFU7EW', '2010-09-30 19:24:28'),
(621, 'U2X6CZ-CLUGLP-YE7EIN-5R2G2J-KQGPOM', '2010-09-30 19:24:28'),
(622, 'U3NVTI-73D4H7-9ONDW9-WUMM1A-BK4VD1', '2010-09-30 19:24:28'),
(623, 'U5WLCD-5UPVEM-XAURYS-IK7PTT-TI6X0W', '2010-09-30 19:24:28'),
(624, 'U8G4OG-LG7DGA-BJC4GO-337XL8-2ZYDK4', '2010-09-30 19:24:28'),
(625, 'U94BED-RB3DQZ-V6KLVH-ZVBYN8-28YL1P', '2010-09-30 19:24:28'),
(626, 'U958PZ-7301CO-K77YIZ-K7ULOI-S5JBRC', '2010-09-30 19:24:28'),
(627, 'U9K986-RPS92B-HGJFB5-DWOHG0-F5YS4K', '2010-09-30 19:24:28'),
(628, 'UAO7MI-VN43PX-2HVBJL-0O27RD-CE3ILH', '2010-09-30 19:24:28'),
(629, 'UCBGD5-10NNW9-ONKS5D-HHI2FF-1OLJB6', '2010-09-30 19:24:28'),
(630, 'UEH8XX-RK8TNI-N6B1QX-04VLHL-1220OV', '2010-09-30 19:24:28'),
(631, 'UG37ZX-5PQ12S-VIM7WL-353NWI-MRLU1I', '2010-09-30 19:24:28'),
(632, 'UKH2UC-05JWED-Y0K7ME-PMH48K-RGJ5SV', '2010-09-30 19:24:28'),
(633, 'UKQ77Q-CF2OX5-5YAY3U-I6F96U-9G2W7Y', '2010-09-30 19:24:28'),
(634, 'UL25PJ-65GCU8-PQKCHB-1MUEOI-0UB7PP', '2010-09-30 19:24:28'),
(635, 'UOA2JF-4P4JSI-H2OPXH-WLHVSH-WWKRFK', '2010-09-30 19:24:28'),
(636, 'UQ2LWV-DNV5RQ-WB5NBI-TE45TB-2YTU5K', '2010-09-30 19:24:28'),
(637, 'UTZ3K8-M6VCYX-6U28D1-DQNN0Z-YZ8FSN', '2010-09-30 19:24:28'),
(638, 'UWHEF6-LPU9JH-ZYTICC-UYMZ40-IUV2ZN', '2010-09-30 19:24:28'),
(639, 'UXPVHQ-W0KY82-4F8L6M-LY3NIQ-VI44XG', '2010-09-30 19:24:28'),
(640, 'UZQJ40-1YB27X-WE5JT4-Q0Q53Y-J2XG5B', '2010-09-30 19:24:28'),
(641, 'V4Z0SG-M9GDGX-NGGKSE-LIKLXC-M79UEM', '2010-09-30 19:24:28'),
(642, 'V8QEBS-F45TKW-X6XQ3Y-E5ZK1X-DC967P', '2010-09-30 19:24:28'),
(643, 'V9J8YR-QRSMN4-JHYRNR-YWPJCI-D5WLJY', '2010-09-30 19:24:28'),
(644, 'VGM28Q-N7MLL8-YFXYZA-58N46I-7PDEQP', '2010-09-30 19:24:28'),
(645, 'VJT8PD-7J6P6C-6K4NLL-H4DEG9-1GOLVX', '2010-09-30 19:24:28'),
(646, 'VLCPR8-VS40EV-OF9KRO-VV3VOC-B6YE2R', '2010-09-30 19:24:28'),
(647, 'VNK76J-G1G4Q6-O5VLD9-RNWRIT-7JO5O8', '2010-09-30 19:24:28'),
(648, 'VO6DZO-QQEKRQ-N27PES-KX3CXD-FRR97Q', '2010-09-30 19:24:28'),
(649, 'VQ11ON-JL19DJ-2BOVEJ-SPXIUF-ZWXMFS', '2010-09-30 19:24:28'),
(650, 'VQKSAV-8BUH2T-WL5NK9-FLZOTE-YWTQAZ', '2010-09-30 19:24:28'),
(651, 'VRKSNA-DIADNM-2MY58C-SRN0NM-GSFQEW', '2010-09-30 19:24:28'),
(652, 'VSX1BX-UN6OGA-YOTJ54-M8PJWD-JP5CNP', '2010-09-30 19:24:28'),
(653, 'VV6OQV-AVLM2B-R1C2L0-NO90EI-3FU2BA', '2010-09-30 19:24:28'),
(654, 'VVZE4W-XFMA0Q-MMLMWX-OZ42JO-6AVTPS', '2010-09-30 19:24:28'),
(655, 'VWV3LM-8HGTME-JH6WLH-1U0EZS-Y1FDM2', '2010-09-30 19:24:28'),
(656, 'VY25GJ-W4ZYU6-0RNA70-LISVSD-1I7Q6S', '2010-09-30 19:24:28'),
(657, 'VZUWI6-8VLA6Z-AEBI1Q-K3AL42-Z5N4V6', '2010-09-30 19:24:28'),
(658, 'W0KPHU-FW97WU-7O9Q3B-2MNOLA-HQAK2B', '2010-09-30 19:24:28'),
(659, 'W2USB9-83APGJ-IGB2FD-F3XNTQ-KPTQNX', '2010-09-30 19:24:28'),
(660, 'W6MI4Y-G2FZZD-UYSB90-NTD3X0-A8G3X7', '2010-09-30 19:24:28'),
(661, 'W70PZJ-IITCC5-RIVDL5-K0G34C-JCBXE5', '2010-09-30 19:24:28'),
(662, 'W8V9H5-HP94BG-QSLZV9-KA1BHI-J6C00F', '2010-09-30 19:24:28'),
(663, 'WB6FNI-W5Y9FM-X6SMSB-4CUMC9-A1ZU5E', '2010-09-30 19:24:28'),
(664, 'WBUW3G-QL5E7P-JGVPWX-V43UP2-1KKSP9', '2010-09-30 19:24:28'),
(665, 'WBZCFS-ULXFX8-C67UD2-07X2FV-Z1RQJC', '2010-09-30 19:24:28'),
(666, 'WDPCDC-3II8TD-0JTQ8Q-3O7P4O-2H184T', '2010-09-30 19:24:28'),
(667, 'WEUNDT-P9UDEP-GN0I2O-Z8F0HX-Z1WQQY', '2010-09-30 19:24:28'),
(668, 'WFMF7Q-1HYLWY-0S11C2-B723XC-Z9VNAF', '2010-09-30 19:24:28'),
(669, 'WFQTGR-0KXAJ6-JQF7AO-QXSXZ4-C58YJZ', '2010-09-30 19:24:28'),
(670, 'WJCNA3-3XNQY6-4Z648M-LOQ1BY-ZZOXTB', '2010-09-30 19:24:28'),
(671, 'WPDX0S-6CFMN7-FTDM9R-OVB991-2J78JH', '2010-09-30 19:24:28'),
(672, 'WPDYGR-JZKJ8O-D5IJK1-LWMZOF-UHOU8D', '2010-09-30 19:24:28'),
(673, 'WQ74AC-SF86J0-QSU3QA-LYWDBC-XN9UHV', '2010-09-30 19:24:28'),
(674, 'WUWVXW-JLUMYN-BCNXNZ-T1TNV8-MMZFMS', '2010-09-30 19:24:28'),
(675, 'WWW0C7-K6024D-Y1NNH3-MF85ZE-7SY8KA', '2010-09-30 19:24:28'),
(676, 'WXPU1X-KL813Q-FFJ46Z-1NXYHC-HYECHG', '2010-09-30 19:24:28'),
(677, 'WXY8U9-MPF1Y6-W7QFEW-EWO8B7-7TSLZO', '2010-09-30 19:24:28'),
(678, 'WY8IMC-GXDEUE-41YPTD-X3CONT-MC181Z', '2010-09-30 19:24:28'),
(679, 'WZ4NTT-341FM2-PRJKJQ-F2RXGE-44MUN0', '2010-09-30 19:24:28'),
(680, 'X18NRN-2DT4N4-QXVMA2-TL1XBQ-41Y6H4', '2010-09-30 19:24:28'),
(681, 'X2UJGF-90MEVH-XNH4X9-WS43R3-A5BKMF', '2010-09-30 19:24:28'),
(682, 'X4URRM-YDDV31-TKMQGL-MB5T90-0XOGON', '2010-09-30 19:24:28'),
(683, 'X7N0SY-PKO33B-1QIH5W-A7A2JG-E0TY8F', '2010-09-30 19:24:28'),
(684, 'XB87HB-38S9JT-VZ13D4-3INQ6Y-S66MPF', '2010-09-30 19:24:28'),
(685, 'XCE11P-1T3VOE-3HRGJF-U5PY6A-J7CFA6', '2010-09-30 19:24:28'),
(686, 'XDFJPQ-0HCYJY-403OSD-Q71U1P-HF2OVH', '2010-09-30 19:24:28'),
(687, 'XE06AR-COR124-AOKO01-HMWHWE-IX3ONH', '2010-09-30 19:24:28'),
(688, 'XGPG6O-XJ5K6Y-X82HAC-G6QIVG-WXAWJI', '2010-09-30 19:24:28'),
(689, 'XIPE6Y-86GQIC-15ZLM7-162B9R-ZQ8UN9', '2010-09-30 19:24:28'),
(690, 'XIZYK1-6VNX7Y-H4GKPP-08D3TA-7WWU8U', '2010-09-30 19:24:28'),
(691, 'XJ0NX9-5FCYBW-2WUYCI-MN8VF5-M1WGO7', '2010-09-30 19:24:28'),
(692, 'XOA1WZ-DAPBKV-4JPT4J-XPG7KO-EL9W8U', '2010-09-30 19:24:28'),
(693, 'XPAIHQ-Q25FG4-IPZ2M8-I5OTD6-9N2PP4', '2010-09-30 19:24:28'),
(694, 'XR7NXP-TTTEA8-RKBY3P-4ME2VB-FX4ZAW', '2010-09-30 19:24:28'),
(695, 'XRDVNY-H2VFA5-OPKBPU-4CDMEB-0OKA6A', '2010-09-30 19:24:28'),
(696, 'XRUJK7-7Q7Z9Y-8CMG66-32J54W-XPBC0W', '2010-09-30 19:24:28'),
(697, 'XWRXJQ-NCKRXM-5T5WC8-Z55GXC-U10AI5', '2010-09-30 19:24:28'),
(698, 'XXZSPB-QYIT4L-DNDBMQ-A7IIQE-12LB0H', '2010-09-30 19:24:28'),
(699, 'XYNIC5-Z9HVT1-M64BPD-CET9P6-XI6IKW', '2010-09-30 19:24:28'),
(700, 'Y0GJUI-I4LS1O-YVLTJ4-NU2ECN-BXQTAA', '2010-09-30 19:24:28'),
(701, 'Y0UBTG-J04CT6-6ZR1E3-UOCSAP-1VVDVC', '2010-09-30 19:24:28'),
(702, 'Y0YW6M-D99G6Z-5QZP2E-9GXZHQ-D7LKFB', '2010-09-30 19:24:28'),
(703, 'Y2GZMK-JUZ4UQ-S01TM3-K1OLMW-R4RDFL', '2010-09-30 19:24:28'),
(704, 'Y2LQBL-9M5PN2-JES6Z9-NWU0TG-JY7ZM3', '2010-09-30 19:24:28'),
(705, 'Y3MLCE-JPJ9HD-HSU7SQ-GO9G77-SXZ8WL', '2010-09-30 19:24:28'),
(706, 'Y5VYB7-ELPLDM-LDSJVW-LHIF3E-412484', '2010-09-30 19:24:28'),
(707, 'YAGII3-G0MI58-GVYF48-56LHYI-AOK2Y2', '2010-09-30 19:24:28'),
(708, 'YBV5HW-AWHDL9-QBVZWM-K0LHKJ-OCMPXX', '2010-09-30 19:24:28'),
(709, 'YC57WN-MEGT8T-HWT80F-HUVC5E-K1W9A5', '2010-09-30 19:24:28'),
(710, 'YELAFD-CFZ286-9GNY7A-2NRNOM-0F7R9S', '2010-09-30 19:24:28'),
(711, 'YFPIX2-N9N2QR-6DI2DJ-0XQ67A-OD57NX', '2010-09-30 19:24:28'),
(712, 'YOVCD9-0I6LH0-1T2F3T-VFG68H-J9PMFN', '2010-09-30 19:24:28'),
(713, 'YPPLJT-NOWBFI-BSUXTX-CSE8I3-WNITYK', '2010-09-30 19:24:28'),
(714, 'YQKVOO-FLSRPM-4XX6PS-HQG5P1-LK16DE', '2010-09-30 19:24:28'),
(715, 'YSJIC5-AOE88U-8Z4VSA-U9VR62-ZJOX9W', '2010-09-30 19:24:28'),
(716, 'YSW15L-FAQB0R-3W90NN-UU9M6T-YPWK7O', '2010-09-30 19:24:28'),
(717, 'YVS5E8-SD15O6-BC1GI5-A583F3-RAWQAP', '2010-09-30 19:24:28'),
(718, 'Z201HP-4F9186-ZHY59J-MWUNEP-1AO7V2', '2010-09-30 19:24:28'),
(719, 'Z2JYNH-S5G3V1-JZEA5N-2LU8N6-A84IAR', '2010-09-30 19:24:28'),
(720, 'Z4U3VY-Z9BX03-WYGH0Z-4SNSUT-3KDIR0', '2010-09-30 19:24:28'),
(721, 'Z95U3O-I3YVNZ-X1CHVE-DAL8GH-0X13ZX', '2010-09-30 19:24:28'),
(722, 'ZFGQPK-29V9RB-1OCJF0-0VZYH9-UXJDC5', '2010-09-30 19:24:28'),
(723, 'ZI4RPR-P58XVX-XJF0OY-RR1OJE-4I98D0', '2010-09-30 19:24:28'),
(724, 'ZOVWUY-N3CTKF-LAW4M1-UIY1D7-33AYWX', '2010-09-30 19:24:28'),
(725, 'ZPUIR8-ZKFR6E-WW728B-DRRM5A-DKPN41', '2010-09-30 19:24:28'),
(726, 'ZS6A9H-9IU0NZ-M0RL48-V9FHVU-JPJEBX', '2010-09-30 19:24:28'),
(727, 'ZTBWLN-VGDZK8-FPAD1E-IHTAUN-6VQ7HE', '2010-09-30 19:24:28'),
(728, 'ZTESUU-T7S5B9-V5Z6GU-7RTU1F-59MN5R', '2010-09-30 19:24:28'),
(729, 'ZUV3JJ-A0LPE7-JRVYW2-MQP3CA-X0T8A4', '2010-09-30 19:24:28'),
(730, 'ZVMLLG-JVBGDK-28XTP6-BJHJ9V-LM5RC8', '2010-09-30 19:24:28'),
(731, 'ZXU1A2-KPJISA-1WLHGH-DC4IRB-EALWTN', '2010-09-30 19:24:28'),
(732, 'ZY7OYB-C4MGJ4-Y49B98-GU8ZGY-AZIZLN', '2010-09-30 19:24:28');

-- --------------------------------------------------------

--
-- Table structure for table `loglinksmaterial`
--

DROP TABLE IF EXISTS `loglinksmaterial`;
CREATE TABLE IF NOT EXISTS `loglinksmaterial` (
  `ID` int(10) NOT NULL auto_increment,
  `FECHA` timestamp NOT NULL default CURRENT_TIMESTAMP on update CURRENT_TIMESTAMP,
  `LINK` varchar(255) NOT NULL,
  `USUARIO` int(11) NOT NULL,
  `GRUPO` int(11) NOT NULL,
  PRIMARY KEY  (`ID`)
) ENGINE=MyISAM  DEFAULT CHARSET=utf8 AUTO_INCREMENT=641 ;

-- --------------------------------------------------------

--
-- Table structure for table `log_descargas`
--

DROP TABLE IF EXISTS `log_descargas`;
CREATE TABLE IF NOT EXISTS `log_descargas` (
  `id_descarga` int(11) NOT NULL auto_increment,
  `fecha_descarga` timestamp NOT NULL default CURRENT_TIMESTAMP on update CURRENT_TIMESTAMP,
  `id_archivo` int(11) NOT NULL default '0',
  `id_usuario` int(11) NOT NULL default '0',
  `id_grupo` int(11) NOT NULL default '0',
  PRIMARY KEY  (`id_descarga`)
) ENGINE=MyISAM  DEFAULT CHARSET=utf8 AUTO_INCREMENT=4870 ;

--
-- Dumping data for table `log_descargas`
--

INSERT INTO `log_descargas` (`id_descarga`, `fecha_descarga`, `id_archivo`, `id_usuario`, `id_grupo`) VALUES
(4405, '2010-07-14 04:55:15', 3134, 91, 6),
(4404, '2010-07-14 04:55:07', 3134, 91, 6),
(4403, '2010-07-14 04:54:37', 3134, 91, 6),
(4402, '2010-07-14 04:53:40', 3134, 91, 6),
(4401, '2010-07-14 03:19:15', 3134, 91, 6),
(4400, '2010-07-14 03:17:28', 3134, 91, 6),
(4399, '2010-07-14 03:17:13', 3134, 91, 6),
(4398, '2010-07-14 03:16:24', 3134, 91, 6),
(4397, '2010-07-14 03:15:54', 3134, 91, 6),
(4396, '2010-07-14 03:15:11', 3134, 91, 6),
(4395, '2010-07-14 03:13:39', 3134, 91, 6),
(4394, '2010-07-13 19:14:55', 3135, 91, 6),
(4393, '2010-07-13 19:13:10', 3136, 91, 6),
(4392, '2010-07-13 19:12:16', 3134, 91, 6),
(4391, '2010-07-07 04:23:02', 3134, 91, 6),
(4390, '2010-07-03 05:24:50', 3134, 91, 6),
(4389, '2010-07-03 05:23:35', 3134, 91, 6),
(4388, '2010-07-03 05:23:12', 3134, 91, 6),
(4387, '2010-07-03 05:22:22', 3134, 91, 6),
(4386, '2010-07-03 05:13:34', 3135, 91, 6),
(4385, '2010-07-03 05:12:41', 3134, 91, 6),
(4384, '2010-07-03 03:54:22', 3134, 91, 6),
(4383, '2010-07-03 03:36:10', 3134, 91, 6),
(4382, '2010-07-03 03:34:56', 3128, 91, 7),
(4381, '2010-07-03 03:34:35', 3134, 91, 6),
(4380, '2010-07-03 03:29:01', 3134, 91, 6),
(4379, '2010-07-03 03:27:01', 3134, 91, 6),
(4406, '2010-07-15 02:39:32', 3130, 91, 9),
(4407, '2010-07-15 03:14:22', 3130, 91, 9),
(4408, '2010-07-15 03:31:30', 3134, 91, 6),
(4409, '2010-07-15 03:31:36', 3135, 91, 6),
(4410, '2010-07-15 03:38:21', 3137, 91, 6),
(4411, '2010-07-15 03:44:18', 3138, 91, 6),
(4412, '2010-07-15 03:45:23', 3140, 91, 6),
(4413, '2010-07-15 03:47:29', 3135, 91, 6),
(4414, '2010-07-15 03:47:39', 3140, 91, 6),
(4415, '2010-07-15 03:48:56', 3142, 91, 6),
(4416, '2010-07-15 03:49:39', 3140, 91, 6),
(4417, '2010-07-15 03:49:48', 3141, 91, 6),
(4418, '2010-07-15 03:50:54', 3136, 91, 6),
(4419, '2010-07-15 03:51:03', 3136, 91, 6),
(4420, '2010-07-15 03:51:11', 3136, 91, 6),
(4421, '2010-07-15 03:51:53', 3137, 91, 6),
(4422, '2010-07-15 03:53:30', 3141, 91, 6),
(4423, '2010-07-15 03:53:59', 3143, 91, 6),
(4424, '2010-07-15 04:06:10', 3136, 91, 6),
(4425, '2010-07-15 04:06:22', 3138, 91, 6),
(4426, '2010-07-15 04:06:40', 3138, 91, 6),
(4427, '2010-07-15 04:10:15', 3138, 91, 6),
(4428, '2010-07-15 04:12:49', 3134, 91, 6),
(4429, '2010-07-15 04:12:53', 3135, 91, 6),
(4430, '2010-07-15 04:13:26', 3136, 91, 6),
(4431, '2010-07-15 04:13:40', 3136, 91, 6),
(4432, '2010-07-15 04:14:01', 3141, 91, 6),
(4433, '2010-07-15 04:14:15', 3141, 91, 6),
(4434, '2010-07-15 04:14:59', 3134, 91, 6),
(4435, '2010-07-15 04:15:05', 3135, 91, 6),
(4436, '2010-07-15 04:16:11', 3135, 91, 6),
(4437, '2010-07-15 04:18:57', 3138, 91, 6),
(4438, '2010-07-15 04:19:32', 3138, 91, 6),
(4439, '2010-07-15 04:23:27', 3138, 91, 6),
(4440, '2010-07-15 04:25:30', 3138, 91, 6),
(4441, '2010-07-15 04:27:14', 3139, 91, 6),
(4442, '2010-07-15 04:29:17', 3135, 91, 6),
(4443, '2010-07-15 04:29:41', 3141, 91, 6),
(4444, '2010-07-15 04:30:19', 3135, 91, 6),
(4445, '2010-07-15 04:30:46', 3140, 91, 6),
(4446, '2010-07-15 04:31:00', 3143, 91, 6),
(4447, '2010-07-15 04:31:46', 3143, 91, 6),
(4448, '2010-07-15 04:32:02', 3143, 91, 6),
(4449, '2010-07-15 04:32:42', 3140, 91, 6),
(4450, '2010-07-15 04:32:52', 3142, 91, 6),
(4451, '2010-07-17 16:44:45', 3130, 94, 9),
(4452, '2010-07-18 18:18:17', 3134, 94, 9),
(4453, '2010-07-18 18:19:53', 3131, 94, 9),
(4454, '2010-07-18 18:21:25', 3134, 94, 9),
(4455, '2010-07-18 18:28:59', 3134, 94, 9),
(4456, '2010-07-18 18:34:26', 3134, 94, 9),
(4457, '2010-07-18 18:34:32', 3134, 94, 9),
(4458, '2010-07-18 18:41:08', 3130, 94, 9),
(4459, '2010-07-18 18:42:38', 3134, 94, 9),
(4460, '2010-07-18 18:42:45', 3136, 94, 9),
(4461, '2010-07-18 18:44:51', 3130, 94, 9),
(4462, '2010-07-18 18:44:57', 3130, 94, 9),
(4463, '2010-07-18 18:45:01', 3130, 94, 9),
(4464, '2010-07-18 18:52:01', 3130, 94, 9),
(4465, '2010-07-18 18:52:10', 3130, 94, 9),
(4466, '2010-07-18 18:52:24', 3129, 94, 9),
(4467, '2010-07-18 18:54:41', 3130, 94, 9),
(4468, '2010-07-18 18:55:00', 3136, 94, 9),
(4469, '2010-07-18 18:57:20', 3135, 94, 9),
(4470, '2010-07-18 19:05:23', 3136, 94, 9),
(4471, '2010-07-18 19:08:44', 3130, 94, 9),
(4472, '2010-07-18 19:09:48', 3129, 94, 9),
(4473, '2010-07-18 19:11:19', 3135, 94, 9),
(4474, '2010-07-18 19:11:41', 3131, 94, 9),
(4475, '2010-07-18 19:13:05', 3135, 94, 9),
(4476, '2010-07-18 19:13:39', 3130, 94, 9),
(4477, '2010-07-18 19:13:53', 3131, 94, 9),
(4478, '2010-07-18 19:14:09', 3131, 94, 9),
(4479, '2010-07-19 00:47:20', 3129, 94, 9),
(4480, '2010-07-19 00:47:43', 3131, 94, 9),
(4481, '2010-07-19 00:50:47', 3134, 94, 9),
(4482, '2010-07-19 01:23:56', 3130, 94, 9),
(4483, '2010-07-19 01:25:06', 3135, 94, 9),
(4484, '2010-07-19 01:26:51', 3134, 94, 9),
(4485, '2010-07-19 01:28:00', 3137, 94, 9),
(4486, '2010-07-19 01:29:22', 3134, 94, 9),
(4487, '2010-07-19 01:30:37', 3129, 94, 9),
(4488, '2010-07-19 01:31:00', 3135, 94, 9),
(4489, '2010-07-19 01:34:53', 3135, 94, 9),
(4490, '2010-07-19 01:36:13', 3134, 94, 9),
(4491, '2010-07-19 01:38:56', 3134, 94, 9),
(4492, '2010-07-19 01:40:30', 3134, 94, 9),
(4493, '2010-07-19 01:41:35', 3130, 94, 9),
(4494, '2010-07-19 01:41:41', 3130, 94, 9),
(4495, '2010-07-19 01:41:50', 3126, 94, 9),
(4496, '2010-07-19 01:45:24', 3134, 94, 9),
(4497, '2010-07-19 01:46:37', 3130, 94, 9),
(4498, '2010-07-19 01:46:41', 3130, 94, 9),
(4499, '2010-07-19 02:02:41', 3130, 94, 9),
(4500, '2010-07-19 02:11:18', 3131, 94, 9),
(4501, '2010-07-19 02:11:53', 3129, 94, 9),
(4502, '2010-07-19 02:30:10', 3135, 94, 9),
(4503, '2010-07-19 02:34:28', 3135, 94, 9),
(4504, '2010-07-19 02:36:41', 3136, 94, 9),
(4505, '2010-07-19 02:38:46', 3135, 94, 9),
(4506, '2010-07-19 02:39:21', 3135, 94, 9),
(4507, '2010-07-19 02:40:26', 3136, 94, 9),
(4508, '2010-07-19 02:41:02', 3137, 94, 9),
(4509, '2010-07-19 02:42:11', 3135, 94, 9),
(4510, '2010-07-19 02:42:17', 3137, 94, 9),
(4511, '2010-07-19 04:02:33', 3131, 94, 9),
(4512, '2010-07-19 04:03:21', 3136, 94, 9),
(4513, '2010-07-19 04:04:32', 3137, 94, 9),
(4514, '2010-07-19 04:05:36', 3131, 94, 9),
(4515, '2010-07-19 04:11:08', 3130, 94, 9),
(4516, '2010-07-19 04:11:56', 3130, 94, 9),
(4517, '2010-07-19 04:12:20', 3130, 94, 9),
(4518, '2010-07-19 04:12:56', 3130, 94, 9),
(4519, '2010-07-19 04:14:20', 3130, 94, 9),
(4520, '2010-07-19 04:15:47', 3130, 94, 9),
(4521, '2010-07-19 04:16:40', 3130, 94, 9),
(4522, '2010-07-19 04:17:25', 3130, 94, 9),
(4523, '2010-07-19 04:18:04', 3130, 94, 9),
(4524, '2010-07-19 04:18:19', 3130, 94, 9),
(4525, '2010-07-19 04:18:32', 3130, 94, 9),
(4526, '2010-07-19 04:18:50', 3130, 94, 9),
(4527, '2010-07-19 04:19:58', 3130, 94, 9),
(4528, '2010-07-19 04:20:24', 3130, 94, 9),
(4529, '2010-07-19 04:28:13', 3130, 94, 9),
(4530, '2010-07-19 04:28:57', 3130, 94, 9),
(4531, '2010-07-19 04:29:55', 3130, 94, 9),
(4532, '2010-07-19 04:30:44', 3130, 94, 9),
(4533, '2010-07-19 04:31:47', 3130, 94, 9),
(4534, '2010-07-19 04:36:05', 3130, 94, 9),
(4535, '2010-07-19 04:45:40', 3130, 94, 9),
(4536, '2010-07-19 04:50:54', 3130, 94, 9),
(4537, '2010-07-19 04:51:01', 3130, 94, 9),
(4538, '2010-07-19 04:56:32', 3130, 94, 9),
(4539, '2010-07-19 04:57:04', 3130, 94, 9),
(4540, '2010-07-19 04:58:46', 3130, 94, 9),
(4541, '2010-07-19 13:43:42', 3130, 94, 9),
(4542, '2010-07-19 13:56:45', 3130, 94, 9),
(4543, '2010-07-19 14:05:12', 3130, 94, 9),
(4544, '2010-07-19 14:11:51', 3130, 94, 9),
(4545, '2010-07-19 14:19:41', 3130, 94, 9),
(4546, '2010-07-19 14:25:20', 3130, 94, 9),
(4547, '2010-07-19 14:26:32', 3130, 94, 9),
(4548, '2010-07-19 14:26:51', 3130, 94, 9),
(4549, '2010-07-19 15:07:46', 3130, 94, 9),
(4550, '2010-07-19 15:10:12', 3130, 94, 9),
(4551, '2010-07-19 15:15:04', 3130, 94, 9),
(4552, '2010-07-19 15:16:53', 3130, 94, 9),
(4553, '2010-07-19 15:19:25', 3130, 94, 9),
(4554, '2010-07-19 16:20:05', 3130, 94, 9),
(4555, '2010-07-19 16:22:42', 3130, 94, 9),
(4556, '2010-07-19 16:22:59', 3130, 94, 9),
(4557, '2010-07-19 16:31:13', 3151, 94, 10),
(4558, '2010-07-19 16:32:36', 3151, 94, 10),
(4559, '2010-07-19 16:48:35', 3151, 94, 10),
(4560, '2010-07-19 16:49:37', 3151, 94, 10),
(4561, '2010-07-19 16:51:29', 3151, 94, 10),
(4562, '2010-07-19 16:52:30', 3151, 94, 10),
(4563, '2010-07-19 16:58:16', 3130, 94, 9),
(4564, '2010-07-23 13:36:57', 3130, 94, 9),
(4565, '2010-07-23 13:44:31', 3130, 94, 9),
(4566, '2010-09-07 02:28:47', 3126, 94, 9),
(4567, '2010-09-07 02:29:21', 3126, 94, 9),
(4568, '2010-09-14 21:35:44', 3130, 91, 9),
(4569, '2010-09-14 21:35:51', 3136, 91, 9),
(4570, '2010-09-14 21:48:15', 3131, 91, 9),
(4571, '2010-09-14 21:48:22', 3129, 91, 9),
(4572, '2010-09-14 22:21:31', 3130, 91, 9),
(4573, '2010-09-14 22:22:02', 3130, 91, 9),
(4574, '2010-09-14 22:22:26', 3130, 91, 9),
(4575, '2010-09-14 22:31:10', 3130, 91, 9),
(4576, '2010-09-14 22:32:08', 3130, 91, 9),
(4577, '2010-09-14 22:33:14', 3130, 91, 9),
(4578, '2010-09-14 22:33:41', 3130, 91, 9),
(4579, '2010-09-14 22:33:50', 3130, 91, 9),
(4580, '2010-09-14 22:43:26', 3130, 91, 9),
(4581, '2010-09-14 22:46:19', 3130, 91, 9),
(4582, '2010-09-14 22:58:29', 3130, 91, 9),
(4583, '2010-09-14 23:00:16', 3130, 91, 9),
(4584, '2010-09-14 23:05:11', 3130, 91, 9),
(4585, '2010-09-14 23:16:48', 3130, 91, 9),
(4586, '2010-09-14 23:19:22', 3130, 91, 9),
(4587, '2010-09-14 23:23:26', 3130, 91, 9),
(4588, '2010-09-14 23:23:56', 3130, 91, 9),
(4589, '2010-09-14 23:24:09', 3130, 91, 9),
(4590, '2010-09-14 23:24:30', 3130, 91, 9),
(4591, '2010-09-14 23:25:02', 3130, 91, 9),
(4592, '2010-09-14 23:25:34', 3130, 91, 9),
(4593, '2010-09-14 23:26:09', 3130, 91, 9),
(4594, '2010-09-14 23:28:41', 3130, 91, 9),
(4595, '2010-09-14 23:29:07', 3130, 91, 9),
(4596, '2010-09-14 23:36:10', 3131, 91, 9),
(4597, '2010-09-14 23:36:25', 3130, 91, 9),
(4598, '2010-09-14 23:37:05', 3130, 91, 9),
(4599, '2010-09-14 23:50:06', 3134, 91, 9),
(4600, '2010-09-15 01:38:07', 3130, 91, 9),
(4601, '2010-09-15 01:52:23', 3130, 91, 9),
(4602, '2010-09-15 01:52:28', 3130, 91, 9),
(4603, '2010-09-15 01:52:45', 3130, 91, 9),
(4604, '2010-09-15 01:52:52', 3130, 91, 9),
(4605, '2010-09-15 01:52:58', 3130, 91, 9),
(4606, '2010-09-15 01:54:17', 3130, 91, 9),
(4607, '2010-09-15 01:54:22', 3130, 91, 9),
(4608, '2010-09-15 01:54:58', 3129, 91, 9),
(4609, '2010-09-15 01:55:18', 3130, 91, 9),
(4610, '2010-09-15 01:56:07', 3130, 91, 9),
(4611, '2010-09-15 01:56:15', 3130, 91, 9),
(4612, '2010-09-15 01:57:08', 3130, 91, 9),
(4613, '2010-09-15 01:59:09', 3130, 91, 9),
(4614, '2010-09-15 01:59:37', 3130, 91, 9),
(4615, '2010-09-15 02:01:30', 3130, 91, 9),
(4616, '2010-09-15 02:03:10', 3130, 91, 9),
(4617, '2010-09-15 02:03:20', 3130, 91, 9),
(4618, '2010-09-15 02:04:36', 3130, 91, 9),
(4619, '2010-09-15 02:04:58', 3130, 91, 9),
(4620, '2010-09-15 02:05:13', 3130, 91, 9),
(4621, '2010-09-15 02:10:28', 3130, 91, 9),
(4622, '2010-09-16 13:47:59', 3130, 91, 9),
(4623, '2010-09-16 13:51:08', 3130, 91, 9),
(4624, '2010-09-16 13:52:39', 3130, 91, 9),
(4625, '2010-09-16 13:53:07', 3130, 91, 9),
(4626, '2010-09-16 13:53:23', 3130, 91, 9),
(4627, '2010-09-16 13:53:41', 3130, 91, 9),
(4628, '2010-09-16 13:54:03', 3130, 91, 9),
(4629, '2010-09-16 13:55:12', 3130, 91, 9),
(4630, '2010-09-16 13:56:26', 3130, 91, 9),
(4631, '2010-09-16 13:57:18', 3130, 91, 9),
(4632, '2010-09-16 13:57:40', 3130, 91, 9),
(4633, '2010-09-16 13:57:57', 3130, 91, 9),
(4634, '2010-09-16 13:58:16', 3130, 91, 9),
(4635, '2010-09-16 14:05:11', 3130, 91, 9),
(4636, '2010-09-16 14:07:13', 3130, 91, 9),
(4637, '2010-09-16 14:07:39', 3130, 91, 9),
(4638, '2010-09-17 18:10:28', 3130, 91, 9),
(4639, '2010-09-17 18:10:50', 3130, 91, 9),
(4640, '2010-09-17 18:15:58', 3130, 91, 9),
(4641, '2010-09-17 18:16:33', 3130, 91, 9),
(4642, '2010-09-17 18:49:49', 3130, 91, 9),
(4643, '2010-09-17 19:17:43', 3130, 91, 9),
(4644, '2010-09-17 19:21:12', 3130, 91, 9),
(4645, '2010-09-21 22:37:20', 3130, 91, 9),
(4646, '2010-09-21 23:13:25', 3130, 91, 9),
(4647, '2010-09-21 23:16:04', 3130, 91, 9),
(4648, '2010-09-22 17:16:07', 3130, 91, 9),
(4649, '2010-09-24 03:13:57', 3130, 91, 9),
(4650, '2010-09-24 03:16:04', 3130, 91, 9),
(4651, '2010-09-24 03:29:31', 3130, 91, 9),
(4652, '2010-09-24 03:29:46', 3130, 91, 9),
(4653, '2010-09-24 03:30:14', 3130, 91, 9),
(4654, '2010-09-24 03:30:47', 3130, 91, 9),
(4655, '2010-09-24 03:31:12', 3130, 91, 9),
(4656, '2010-09-24 03:35:05', 3130, 91, 9),
(4657, '2010-09-24 03:39:25', 3130, 91, 9),
(4658, '2010-09-24 03:42:50', 3130, 91, 9),
(4659, '2010-09-24 03:43:04', 3130, 91, 9),
(4660, '2010-09-24 03:43:33', 3130, 91, 9),
(4661, '2010-09-24 03:47:41', 3130, 91, 9),
(4662, '2010-09-24 03:48:24', 3130, 91, 9),
(4663, '2010-09-24 03:49:21', 3130, 91, 9),
(4664, '2010-09-24 03:51:09', 3130, 91, 9),
(4665, '2010-09-24 03:52:11', 3130, 91, 9),
(4666, '2010-09-24 03:52:39', 3130, 91, 9),
(4667, '2010-09-24 03:53:29', 3130, 91, 9),
(4668, '2010-09-24 04:03:37', 3130, 91, 9),
(4669, '2010-09-24 04:04:21', 3130, 91, 9),
(4670, '2010-09-24 04:04:41', 3129, 91, 9),
(4671, '2010-09-24 04:04:51', 3130, 91, 9),
(4672, '2010-09-24 04:05:33', 3130, 91, 9),
(4673, '2010-09-24 04:16:21', 3130, 91, 9),
(4674, '2010-09-24 04:16:30', 3130, 91, 9),
(4675, '2010-09-24 04:17:02', 3130, 91, 9),
(4676, '2010-09-24 04:17:31', 3130, 91, 9),
(4677, '2010-09-24 04:18:02', 3130, 91, 9),
(4678, '2010-09-24 04:18:42', 3130, 91, 9),
(4679, '2010-09-24 04:23:39', 3130, 91, 9),
(4680, '2010-09-24 04:24:47', 3130, 91, 9),
(4681, '2010-09-24 04:25:16', 3130, 91, 9),
(4682, '2010-09-24 04:25:34', 3130, 91, 9),
(4683, '2010-09-24 04:27:38', 3130, 91, 9),
(4684, '2010-09-24 04:28:03', 3130, 91, 9),
(4685, '2010-09-24 04:28:25', 3130, 91, 9),
(4686, '2010-09-24 04:29:39', 3130, 91, 9),
(4687, '2010-09-24 04:32:15', 3130, 91, 9),
(4688, '2010-09-24 04:32:52', 3130, 91, 9),
(4689, '2010-09-24 04:33:04', 3130, 91, 9),
(4690, '2010-09-24 04:33:51', 3130, 91, 9),
(4691, '2010-09-24 04:34:05', 3130, 91, 9),
(4692, '2010-09-24 04:34:57', 3130, 91, 9),
(4693, '2010-09-24 04:35:41', 3130, 91, 9),
(4694, '2010-09-24 04:36:22', 3130, 91, 9),
(4695, '2010-09-24 17:28:03', 3130, 91, 9),
(4696, '2010-09-24 17:29:16', 3130, 91, 9),
(4697, '2010-09-24 17:29:49', 3130, 91, 9),
(4698, '2010-09-27 17:43:07', 3130, 91, 9),
(4699, '2010-09-27 17:43:37', 3130, 91, 9),
(4700, '2010-09-27 17:44:17', 3130, 91, 9),
(4701, '2010-09-27 17:45:22', 3130, 91, 9),
(4702, '2010-09-27 17:46:05', 3130, 91, 9),
(4703, '2010-09-27 17:52:28', 3130, 91, 9),
(4704, '2010-09-27 17:52:31', 3130, 91, 9),
(4705, '2010-09-27 17:52:31', 3130, 91, 9),
(4706, '2010-09-27 17:52:32', 3130, 91, 9),
(4707, '2010-09-27 17:52:37', 3130, 91, 9),
(4708, '2010-09-27 17:53:28', 3130, 91, 9),
(4709, '2010-10-01 20:14:27', 3130, 91, 9),
(4710, '2010-10-01 20:16:10', 3130, 91, 9),
(4711, '2010-10-18 13:39:36', 3130, 91, 9),
(4712, '2010-11-09 03:38:40', 3130, 91, 9),
(4713, '2010-11-09 03:39:06', 3130, 91, 9),
(4714, '2010-11-09 03:40:27', 3130, 91, 9),
(4715, '2010-11-09 03:45:49', 3130, 91, 9),
(4716, '2010-11-09 03:45:52', 3130, 91, 9),
(4717, '2010-11-09 03:45:53', 3130, 91, 9),
(4718, '2010-11-09 03:45:54', 3130, 91, 9),
(4719, '2010-11-09 03:45:56', 3130, 91, 9),
(4720, '2010-11-09 03:45:59', 3130, 91, 9),
(4721, '2010-11-09 03:46:10', 3130, 91, 9),
(4722, '2010-11-09 03:46:13', 3130, 91, 9),
(4723, '2010-11-09 03:46:15', 3130, 91, 9),
(4724, '2010-11-09 03:46:16', 3130, 91, 9),
(4725, '2010-11-09 03:46:16', 3130, 91, 9),
(4726, '2010-11-09 03:46:17', 3130, 91, 9),
(4727, '2010-11-09 03:46:21', 3130, 91, 9),
(4728, '2010-11-09 03:59:05', 3130, 91, 9),
(4729, '2010-11-09 03:59:16', 3130, 91, 9),
(4730, '2010-11-09 04:04:03', 3130, 91, 9),
(4731, '2010-11-09 04:10:44', 3130, 91, 9),
(4732, '2010-11-09 07:08:04', 3130, 91, 9),
(4733, '2010-11-09 08:35:48', 3130, 91, 9),
(4734, '2010-11-09 08:37:18', 3130, 91, 9),
(4735, '2010-11-09 08:52:46', 3130, 91, 9),
(4736, '2010-12-13 17:34:45', 3126, 91, 9),
(4737, '2010-12-13 17:35:40', 3126, 91, 9),
(4738, '2010-12-13 17:44:25', 3126, 91, 9),
(4739, '2010-12-13 17:53:48', 3126, 91, 9),
(4740, '2010-12-13 17:55:26', 3126, 91, 9),
(4741, '2010-12-13 18:01:32', 3126, 91, 9),
(4742, '2010-12-13 18:03:06', 3126, 91, 9),
(4743, '2010-12-13 18:04:22', 3126, 91, 9),
(4744, '2010-12-13 18:04:46', 3126, 91, 9),
(4745, '2010-12-13 18:12:16', 3126, 91, 9),
(4746, '2010-12-13 18:13:00', 3126, 91, 9),
(4747, '2010-12-13 18:13:06', 3126, 91, 9),
(4748, '2010-12-13 18:13:56', 3126, 91, 9),
(4749, '2010-12-13 18:31:13', 3126, 91, 9),
(4750, '2010-12-13 18:31:21', 3126, 91, 9),
(4751, '2010-12-13 18:31:27', 3126, 91, 9),
(4752, '2010-12-13 18:31:34', 3126, 91, 9),
(4753, '2010-12-13 18:33:30', 3126, 91, 9),
(4754, '2010-12-13 18:38:19', 3126, 91, 9),
(4755, '2010-12-13 18:38:40', 3126, 91, 9),
(4756, '2010-12-13 18:39:48', 3126, 91, 9),
(4757, '2010-12-15 01:18:56', 3126, 91, 9),
(4758, '2011-01-14 15:33:19', 3130, 91, 11),
(4759, '2011-01-16 04:47:11', 3126, 91, 9),
(4760, '2011-03-06 03:26:20', 3126, 91, 9),
(4761, '2011-03-06 03:27:18', 3126, 91, 9),
(4762, '2011-03-06 03:28:40', 3126, 91, 9),
(4763, '2011-03-06 03:31:42', 3126, 91, 9),
(4764, '2011-03-06 03:31:54', 3126, 91, 9),
(4765, '2011-03-06 03:32:25', 3126, 91, 9),
(4766, '2011-03-06 03:33:08', 3126, 91, 9),
(4767, '2011-03-06 03:36:58', 3126, 91, 9),
(4768, '2011-03-06 03:37:28', 3126, 91, 9),
(4769, '2011-03-06 03:41:13', 3126, 91, 9),
(4770, '2011-03-06 04:08:00', 3126, 91, 9),
(4771, '2011-03-06 04:08:22', 3126, 91, 9),
(4772, '2011-03-06 04:09:13', 3126, 91, 9),
(4773, '2011-03-06 04:09:47', 3126, 91, 9),
(4774, '2011-03-06 04:10:26', 3126, 91, 9),
(4775, '2011-03-06 04:12:19', 3126, 91, 9),
(4776, '2011-03-06 04:13:09', 3126, 91, 9),
(4777, '2011-03-06 04:13:28', 3126, 91, 9),
(4778, '2011-03-06 04:46:34', 3126, 91, 9),
(4779, '2011-03-06 04:53:11', 3126, 91, 9),
(4780, '2011-03-06 04:54:25', 3126, 91, 9),
(4781, '2011-03-06 05:13:27', 3126, 91, 9),
(4782, '2011-03-06 05:16:53', 3126, 91, 9),
(4783, '2011-03-06 05:17:43', 3126, 91, 9),
(4784, '2011-03-06 06:14:41', 3126, 91, 9),
(4785, '2011-03-06 06:14:57', 3126, 91, 9),
(4786, '2011-03-07 17:22:11', 3126, 91, 9),
(4787, '2011-03-07 17:22:39', 3126, 91, 9),
(4788, '2011-03-07 17:22:57', 3126, 91, 9),
(4789, '2011-03-07 17:25:50', 3126, 91, 9),
(4790, '2011-03-07 17:26:11', 3126, 91, 9),
(4791, '2011-03-14 04:52:02', 3130, 91, 11),
(4792, '2011-03-15 16:40:58', 3133, 91, 9),
(4793, '2011-03-15 16:41:27', 3134, 91, 9),
(4794, '2011-03-15 16:42:42', 3149, 91, 9),
(4795, '2011-03-15 16:43:06', 3126, 91, 9),
(4796, '2011-03-15 16:43:20', 3127, 91, 9),
(4797, '2011-03-15 16:43:41', 3127, 91, 9),
(4798, '2011-03-15 16:44:18', 3126, 91, 9),
(4799, '2011-03-16 03:35:03', 3151, 91, 22),
(4800, '2011-03-16 04:50:01', 3151, 91, 22),
(4801, '2011-03-16 04:53:45', 3151, 91, 22),
(4802, '2011-03-16 04:54:37', 3151, 91, 22),
(4803, '2011-03-17 01:03:51', 3151, 91, 22),
(4804, '2011-03-17 04:44:09', 3151, 91, 22),
(4805, '2011-03-18 22:04:54', 3151, 91, 22),
(4806, '2011-03-18 22:47:15', 3151, 91, 22),
(4807, '2011-03-18 23:22:59', 3151, 91, 22),
(4808, '2011-03-18 23:56:51', 3151, 91, 22),
(4809, '2011-03-19 00:05:44', 3151, 91, 22),
(4810, '2011-03-22 23:04:06', 3153, 91, 9),
(4811, '2011-03-22 23:05:26', 3153, 91, 9),
(4812, '2011-03-22 23:07:02', 3153, 91, 9),
(4813, '2011-03-22 23:18:46', 3153, 91, 9),
(4814, '2011-03-22 23:19:35', 3153, 91, 9),
(4815, '2011-03-22 23:25:35', 3153, 91, 9),
(4816, '2011-03-23 03:18:03', 3151, 91, 22),
(4817, '2011-05-11 21:46:43', 3126, 91, 9),
(4818, '2011-05-11 21:47:38', 3126, 91, 9),
(4819, '2011-05-11 21:47:49', 3126, 91, 9),
(4820, '2011-05-11 21:53:43', 3126, 91, 9),
(4821, '2011-05-11 21:53:55', 3126, 91, 9),
(4822, '2011-05-11 21:55:42', 3126, 91, 9),
(4823, '2011-05-11 21:57:08', 3126, 91, 9),
(4824, '2011-05-11 21:57:49', 3126, 91, 9),
(4825, '2011-05-11 21:58:15', 3126, 91, 9),
(4826, '2011-05-11 21:58:38', 3126, 91, 9),
(4827, '2011-05-11 21:59:59', 3126, 91, 9),
(4828, '2011-05-11 22:00:59', 3126, 91, 9),
(4829, '2011-05-11 22:04:28', 3126, 91, 9),
(4830, '2011-05-11 22:08:11', 3126, 91, 9),
(4831, '2011-08-04 00:55:30', 3126, 91, 9),
(4832, '2011-08-04 01:03:35', 3126, 91, 9),
(4833, '2011-08-04 03:10:02', 3126, 91, 9),
(4834, '2011-08-04 03:10:39', 3127, 91, 9),
(4835, '2011-08-04 03:10:45', 3126, 91, 9),
(4836, '2011-08-04 03:10:50', 3131, 91, 9),
(4837, '2011-08-04 03:11:09', 3149, 91, 9),
(4838, '2011-08-04 03:14:27', 3130, 91, 11),
(4839, '2011-08-04 03:22:42', 3130, 91, 11),
(4840, '2011-08-04 03:26:19', 3128, 91, 10),
(4841, '2011-08-04 03:28:08', 3128, 91, 10),
(4842, '2011-08-04 03:28:16', 3127, 91, 9),
(4843, '2011-08-04 03:29:45', 3130, 91, 9),
(4844, '2011-08-04 03:34:07', 3131, 91, 9),
(4845, '2011-08-04 03:43:08', 3150, 91, 14),
(4846, '2011-08-04 03:43:37', 3150, 91, 14),
(4847, '2011-08-04 03:44:03', 3150, 91, 14),
(4848, '2011-08-04 03:45:53', 3150, 91, 14),
(4849, '2011-08-04 03:48:36', 3150, 91, 14),
(4850, '2011-08-04 03:49:19', 3150, 91, 14),
(4851, '2011-08-04 04:01:13', 3126, 91, 9),
(4852, '2011-08-04 04:02:54', 3128, 91, 9),
(4853, '2011-08-04 04:04:29', 3130, 91, 9),
(4854, '2011-08-04 04:13:58', 3128, 91, 9),
(4855, '2011-08-04 04:14:02', 3128, 91, 9),
(4856, '2011-08-04 04:14:08', 3132, 91, 9),
(4857, '2011-08-04 04:14:38', 3130, 91, 11),
(4858, '2011-08-04 04:52:40', 3126, 91, 9),
(4859, '2011-08-04 04:53:09', 3126, 91, 9),
(4860, '2011-08-04 04:53:32', 3151, 91, 10),
(4861, '2011-08-24 03:36:11', 3126, 91, 9),
(4862, '2011-08-24 03:36:20', 3126, 91, 9),
(4863, '2011-08-24 03:36:25', 3126, 91, 9),
(4864, '2011-08-24 03:36:25', 3126, 91, 9),
(4865, '2011-08-24 03:36:33', 3133, 91, 9),
(4866, '2011-08-24 03:36:34', 3133, 91, 9),
(4867, '2011-08-24 03:36:42', 3130, 91, 9),
(4868, '2011-08-24 04:41:36', 3126, 91, 9),
(4869, '2011-08-24 04:41:37', 3126, 91, 9);

-- --------------------------------------------------------

--
-- Table structure for table `mensajes_grupo`
--

DROP TABLE IF EXISTS `mensajes_grupo`;
CREATE TABLE IF NOT EXISTS `mensajes_grupo` (
  `ID_MENSAJE` int(11) NOT NULL auto_increment,
  `ID_GRUPO` int(11) NOT NULL,
  `MENSAJE` varchar(500) NOT NULL,
  `FECHA_CREACION` timestamp NOT NULL default CURRENT_TIMESTAMP,
  `FECHA_VENCIMIENTO` timestamp NULL default NULL,
  PRIMARY KEY  (`ID_MENSAJE`),
  KEY `ID_GRUPO` (`ID_GRUPO`)
) ENGINE=MyISAM  DEFAULT CHARSET=utf8 AUTO_INCREMENT=7 ;

-- --------------------------------------------------------

--
-- Table structure for table `mensajes_usuario`
--

DROP TABLE IF EXISTS `mensajes_usuario`;
CREATE TABLE IF NOT EXISTS `mensajes_usuario` (
  `ID_MENSAJE` bigint(20) NOT NULL auto_increment,
  `ID_USUARIO` int(11) NOT NULL,
  `MENSAJE` varchar(500) NOT NULL,
  `FECHA_CREACION` timestamp NOT NULL default CURRENT_TIMESTAMP,
  `FECHA_LECTURA` timestamp NULL default NULL,
  PRIMARY KEY  (`ID_MENSAJE`),
  KEY `ID_USUARIO` (`ID_USUARIO`)
) ENGINE=MyISAM  DEFAULT CHARSET=utf8 AUTO_INCREMENT=13 ;

-- --------------------------------------------------------

--
-- Table structure for table `paquetes`
--

DROP TABLE IF EXISTS `paquetes`;
CREATE TABLE IF NOT EXISTS `paquetes` (
  `idPaquete` int(10) NOT NULL auto_increment,
  `nomPaquete` varchar(150) default NULL,
  PRIMARY KEY  (`idPaquete`)
) ENGINE=MyISAM  DEFAULT CHARSET=latin1 COMMENT='Tabla para relacionar grupos con paquetes de grupos' AUTO_INCREMENT=10 ;

--
-- Dumping data for table `paquetes`
--

INSERT INTO `paquetes` (`idPaquete`, `nomPaquete`) VALUES
(5, 'infantil'),
(6, 'Deportes'),
(8, 'Pepe New'),
(9, 'marvingroup');

-- --------------------------------------------------------

--
-- Table structure for table `paquetesgrupos`
--

DROP TABLE IF EXISTS `paquetesgrupos`;
CREATE TABLE IF NOT EXISTS `paquetesgrupos` (
  `idPaquete` int(10) NOT NULL,
  `idGrupos` int(10) NOT NULL,
  PRIMARY KEY  (`idPaquete`,`idGrupos`)
) ENGINE=MyISAM DEFAULT CHARSET=latin1 COMMENT='Tabla puente - Paquetes - Grupos';

--
-- Dumping data for table `paquetesgrupos`
--

INSERT INTO `paquetesgrupos` (`idPaquete`, `idGrupos`) VALUES
(5, 1),
(5, 2),
(5, 6),
(5, 11),
(6, 1),
(6, 2),
(6, 3),
(6, 6),
(6, 7),
(6, 8),
(6, 9),
(6, 10),
(6, 11),
(6, 12),
(6, 13),
(6, 14),
(6, 15),
(6, 16),
(6, 17),
(6, 18),
(6, 19),
(6, 20),
(6, 21),
(6, 22),
(6, 23),
(6, 24),
(6, 25),
(6, 26),
(6, 27),
(6, 28),
(6, 29),
(6, 30),
(6, 31),
(6, 32),
(9, 6),
(9, 7),
(9, 8);

-- --------------------------------------------------------

--
-- Table structure for table `pdl`
--

DROP TABLE IF EXISTS `pdl`;
CREATE TABLE IF NOT EXISTS `pdl` (
  `json` varchar(1000) NOT NULL
) ENGINE=MyISAM DEFAULT CHARSET=utf8;

--
-- Dumping data for table `pdl`
--

INSERT INTO `pdl` (`json`) VALUES
('[{"url":"http://tvclass.rampms.com/tvclass/ts1_3-2.wmv","PDLreference":"file:///mnt/usb/pdl/files/filewEIQFA.wmv","status":1,"speed":0,"filesizeKB":127358.60,"downloadedSizeKB":62.10,"downloadSpeedKB":24.24}]'),
('[{"url":"http://tvclass.rampms.com/tvclass/ts1_3-2.wmv","PDLreference":"file:///mnt/usb/pdl/files/filewEIQFA.wmv","status":1,"speed":0,"filesizeKB":127358.60,"downloadedSizeKB":274.10,"downloadSpeedKB":45.68}]'),
('[{"url":"http://tvclass.rampms.com/tvclass/ts1_3-2.wmv","PDLreference":"file:///mnt/usb/pdl/files/filewEIQFA.wmv","status":1,"speed":0,"filesizeKB":127358.60,"downloadedSizeKB":516.07,"downloadSpeedKB":57.30}]'),
('[{"url":"http://tvclass.rampms.com/tvclass/ts1_3-2.wmv","PDLreference":"file:///mnt/usb/pdl/files/filewEIQFA.wmv","status":1,"speed":0,"filesizeKB":127358.60,"downloadedSizeKB":791.04,"downloadSpeedKB":65.84}]'),
('[{"url":"http://tvclass.rampms.com/tvclass/ts1_3-2.wmv","PDLreference":"file:///mnt/usb/pdl/files/filewEIQFA.wmv","status":1,"speed":0,"filesizeKB":127358.60,"downloadedSizeKB":1079.57,"downloadSpeedKB":72.04}]'),
('[{"url":"http://tvclass.rampms.com/tvclass/ts1_3-2.wmv","PDLreference":"file:///mnt/usb/pdl/files/filewEIQFA.wmv","status":1,"speed":0,"filesizeKB":127358.60,"downloadedSizeKB":1386.02,"downloadSpeedKB":76.99}]'),
('[{"url":"http://tvclass.rampms.com/tvclass/ts1_3-2.wmv","PDLreference":"file:///mnt/usb/pdl/files/filewEIQFA.wmv","status":1,"speed":0,"filesizeKB":127358.60,"downloadedSizeKB":1696.53,"downloadSpeedKB":80.67}]'),
('[{"url":"http://tvclass.rampms.com/tvclass/ts1_3-2.wmv","PDLreference":"file:///mnt/usb/pdl/files/filewEIQFA.wmv","status":1,"speed":0,"filesizeKB":127358.60,"downloadedSizeKB":1959.31,"downloadSpeedKB":81.83}]'),
('[{"url":"http://tvclass.rampms.com/tvclass/ts1_3-2.wmv","PDLreference":"file:///mnt/usb/pdl/files/filewEIQFA.wmv","status":1,"speed":0,"filesizeKB":127358.60,"downloadedSizeKB":2242.60,"downloadSpeedKB":82.94}]'),
('[{"url":"http://tvclass.rampms.com/tvclass/ts1_3-2.wmv","PDLreference":"file:///mnt/usb/pdl/files/filewEIQFA.wmv","status":1,"speed":0,"filesizeKB":127358.60,"downloadedSizeKB":2512.34,"downloadSpeedKB":83.69}]'),
('[{"url":"http://tvclass.rampms.com/tvclass/ts1_3-2.wmv","PDLreference":"file:///mnt/usb/pdl/files/filewEIQFA.wmv","status":1,"speed":0,"filesizeKB":127358.60,"downloadedSizeKB":2784.79,"downloadSpeedKB":84.26}]');

-- --------------------------------------------------------

--
-- Table structure for table `programacion`
--

DROP TABLE IF EXISTS `programacion`;
CREATE TABLE IF NOT EXISTS `programacion` (
  `id_prog` bigint(20) NOT NULL auto_increment,
  `prog_video` int(11) NOT NULL,
  `prog_fecha_ini` datetime NOT NULL,
  `prog_fecha_fin` datetime NOT NULL,
  `prog_canal` int(11) NOT NULL,
  PRIMARY KEY  (`id_prog`)
) ENGINE=MyISAM  DEFAULT CHARSET=utf8 AUTO_INCREMENT=4 ;

--
-- Dumping data for table `programacion`
--

INSERT INTO `programacion` (`id_prog`, `prog_video`, `prog_fecha_ini`, `prog_fecha_fin`, `prog_canal`) VALUES
(1, 3150, '2010-05-11 22:00:00', '2010-05-11 22:30:00', 123),
(2, 3149, '2010-05-11 22:30:00', '2010-05-11 23:30:00', 123),
(3, 3148, '2010-05-11 23:30:00', '2010-05-11 00:00:00', 123);

-- --------------------------------------------------------

--
-- Table structure for table `usuarios`
--

DROP TABLE IF EXISTS `usuarios`;
CREATE TABLE IF NOT EXISTS `usuarios` (
  `IdUsuario` int(11) NOT NULL auto_increment,
  `Usuario` varchar(100) default NULL,
  `Password` longtext,
  `NombreCompleto` varchar(255) default NULL,
  `activo` int(1) NOT NULL,
  `apellidos` varchar(50) NOT NULL,
  `mail` varchar(50) default NULL,
  `Fecha inscripcion` timestamp NOT NULL default CURRENT_TIMESTAMP on update CURRENT_TIMESTAMP,
  `MAC_ID` varchar(50) default NULL,
  `DIRECCION_LOCAL` varchar(120) default NULL,
  `ID_PLUGIN` varchar(150) default NULL,
  `pcrampkey` varchar(60) default NULL,
  `serial` varchar(50) default NULL,
  `ultimo_login` datetime default NULL,
  `pin` varchar(15) default NULL,
  PRIMARY KEY  (`IdUsuario`),
  UNIQUE KEY `Usuario` (`Usuario`),
  UNIQUE KEY `MAC_ID` (`MAC_ID`),
  UNIQUE KEY `mail` (`mail`),
  UNIQUE KEY `pcrampKey` (`pcrampkey`)
) ENGINE=MyISAM  DEFAULT CHARSET=utf8 AUTO_INCREMENT=99 ;

--
-- Dumping data for table `usuarios`
--

INSERT INTO `usuarios` (`IdUsuario`, `Usuario`, `Password`, `NombreCompleto`, `activo`, `apellidos`, `mail`, `Fecha inscripcion`, `MAC_ID`, `DIRECCION_LOCAL`, `ID_PLUGIN`, `pcrampkey`, `serial`, `ultimo_login`, `pin`) VALUES
(91, 'v', 'b', 'v', 1, '', NULL, '2011-12-06 12:33:12', '00:1c:a8:a0:6e:21', '', 'vzx-wsde-wsdfr-548h', '08O42G-VSST9U-CNRB13-FESXEG-TYK0CP', 'S3R1AL', '2011-12-06 06:33:12', '79p04zlyble32'),
(92, 'marvin', 'marvin', 'marvin', 1, '', NULL, '2011-10-20 06:48:38', '00:1c:a8:a0:a6:07', '', '', '00HXXC-V3UGML-N8ESZP-VFTC3B-GU7RWD', 'S3R1AL', NULL, NULL),
(93, 'nonosa', 'nono', 'nono', 1, '', NULL, '2011-10-20 06:48:38', '00:1c:a8:a0:a4:c9 ', '', '', '053HZC-V5J7M2-HM4E88-4JOV0J-LMIF7Z', 'S3R1AL', NULL, NULL),
(94, 'Test', 'test', 'Test', 1, '', NULL, '2011-11-04 06:26:27', '', '', '', '05H7VV-HIEG6C-NZ2E86-2HPFN9-740UUK', 'S3R1AL', NULL, NULL),
(95, 'vvv3', 'vvv3', 'vvv3', 1, '', NULL, '2011-10-20 06:48:38', NULL, NULL, NULL, NULL, 'S3R1AL', NULL, NULL),
(96, 'zzz', 'zzz', 'zzz', 1, '', NULL, '2011-10-20 06:48:38', NULL, NULL, NULL, NULL, 'S3R1AL', NULL, NULL),
(97, '1', '1', 'nono lai', 1, '', NULL, '2011-10-20 06:48:38', NULL, NULL, '', '', 'S3R1AL', NULL, NULL);

-- --------------------------------------------------------

--
-- Table structure for table `usuariosgruposusuarios`
--

DROP TABLE IF EXISTS `usuariosgruposusuarios`;
CREATE TABLE IF NOT EXISTS `usuariosgruposusuarios` (
  `idGrupoDeUsuario` int(10) NOT NULL,
  `IdUsuario` int(10) NOT NULL,
  PRIMARY KEY  (`idGrupoDeUsuario`,`IdUsuario`)
) ENGINE=MyISAM DEFAULT CHARSET=latin1 COMMENT='Tabla puente usuarios - GruposDeUsuarios';

--
-- Dumping data for table `usuariosgruposusuarios`
--

INSERT INTO `usuariosgruposusuarios` (`idGrupoDeUsuario`, `IdUsuario`) VALUES
(1, 93),
(1, 94),
(1, 95),
(1, 96),
(1, 97),
(2, 91),
(2, 93),
(4, 91),
(4, 92),
(4, 93),
(4, 94),
(4, 95),
(4, 96),
(4, 97),
(7, 91),
(7, 93),
(7, 94),
(7, 97),
(9, 91),
(9, 92),
(9, 93),
(9, 94),
(9, 95),
(9, 96),
(9, 97);

-- --------------------------------------------------------

--
-- Table structure for table `usvsgrupovsvideo`
--

DROP TABLE IF EXISTS `usvsgrupovsvideo`;
CREATE TABLE IF NOT EXISTS `usvsgrupovsvideo` (
  `UGD_USUARIO` int(11) NOT NULL,
  `UGD_GRUPO` int(11) NOT NULL,
  `UGD_VIDEO` int(11) NOT NULL,
  `UGD_DESCARGAS` int(11) NOT NULL,
  `UGD_ESTADO` int(11) NOT NULL,
  `FECHA` timestamp NOT NULL default CURRENT_TIMESTAMP,
  `UGD_CONSECUTIVO` bigint(20) NOT NULL auto_increment,
  `visitas` int(11) NOT NULL default '0',
  PRIMARY KEY  (`UGD_CONSECUTIVO`),
  UNIQUE KEY `UGD_USUARIO` (`UGD_USUARIO`,`UGD_GRUPO`,`UGD_VIDEO`)
) ENGINE=MyISAM  DEFAULT CHARSET=utf8 AUTO_INCREMENT=184 ;

--
-- Dumping data for table `usvsgrupovsvideo`
--

INSERT INTO `usvsgrupovsvideo` (`UGD_USUARIO`, `UGD_GRUPO`, `UGD_VIDEO`, `UGD_DESCARGAS`, `UGD_ESTADO`, `FECHA`, `UGD_CONSECUTIVO`, `visitas`) VALUES
(91, 9, 3130, 1, 1, '2011-03-14 04:01:21', 153, 1),
(93, 9, 3129, 1, 1, '2011-03-14 04:01:20', 152, 0),
(92, 9, 3129, 1, 1, '2011-03-14 04:01:20', 151, 0),
(93, 9, 3132, 1, 1, '2011-03-14 04:01:22', 161, 0),
(91, 9, 3134, 1, 1, '2011-03-14 04:01:23', 165, 1),
(91, 9, 3126, 50, 1, '2011-02-03 18:29:03', 133, 50),
(91, 10, 3128, 50, 1, '2011-03-06 04:18:23', 134, 2),
(93, 9, 3128, 1, 1, '2011-03-14 04:01:20', 149, 0),
(93, 9, 3149, 1, 1, '2011-03-14 03:56:39', 143, 0),
(91, 14, 3150, 10, 1, '2011-03-14 02:34:06', 137, 6),
(91, 10, 3151, 50, 1, '2011-03-06 04:18:23', 136, 1),
(92, 9, 3128, 1, 1, '2011-03-14 04:01:20', 148, 0),
(91, 9, 3128, 1, 1, '2011-03-14 04:01:20', 147, 1),
(93, 9, 3126, 10, 1, '2010-07-18 15:41:04', 105, 0),
(93, 9, 3133, 1, 1, '2011-03-14 04:01:22', 164, 0),
(92, 9, 3127, 1, 1, '2011-03-14 04:01:19', 145, 0),
(92, 9, 3132, 1, 1, '2011-03-14 04:01:22', 160, 0),
(92, 9, 3131, 1, 1, '2011-03-14 04:01:21', 157, 0),
(91, 9, 3127, 1, 1, '2011-03-14 04:01:19', 144, 1),
(92, 9, 3149, 1, 1, '2011-03-14 03:56:39', 142, 0),
(92, 9, 3126, 0, 1, '2010-12-07 23:20:03', 121, 0),
(91, 11, 3130, 10, 1, '2010-12-07 02:59:05', 120, 5),
(97, 8, 3126, 10, 1, '2011-11-06 18:29:51', 173, 0),
(91, 9, 3131, 1, 1, '2011-03-14 04:01:21', 156, 1),
(92, 9, 3133, 1, 1, '2011-03-14 04:01:22', 163, 0),
(93, 9, 3130, 1, 1, '2011-03-14 04:01:21', 155, 0),
(91, 9, 3132, 1, 1, '2011-03-14 04:01:22', 159, 1),
(91, 9, 3149, 1, 1, '2011-03-14 03:56:39', 141, 1),
(93, 9, 3127, 1, 1, '2011-03-14 04:01:19', 146, 0),
(91, 9, 3129, 1, 1, '2011-03-14 04:01:20', 150, 0),
(92, 9, 3130, 1, 1, '2011-03-14 04:01:21', 154, 0),
(93, 9, 3131, 1, 1, '2011-03-14 04:01:21', 158, 0),
(91, 9, 3133, 1, 1, '2011-03-14 04:01:22', 162, 1),
(92, 10, 3151, 10, 1, '2010-12-13 16:41:37', 129, 0),
(92, 10, 3128, 10, 1, '2010-12-13 16:42:41', 130, 0),
(92, 8, 3126, 10, 1, '2011-11-06 18:29:51', 172, 0),
(92, 9, 3134, 1, 1, '2011-03-14 04:01:23', 166, 0),
(93, 9, 3134, 1, 1, '2011-03-14 04:01:23', 167, 0),
(91, 22, 3151, 50, 1, '2011-03-15 23:11:40', 168, 12),
(91, 9, 3153, 10, 1, '2011-03-22 23:03:39', 169, 6),
(92, 9, 3153, 1, 1, '2011-03-22 23:03:39', 170, 0),
(93, 9, 3153, 1, 1, '2011-03-22 23:03:39', 171, 0),
(91, 8, 3126, 50, 1, '2011-11-06 19:49:15', 174, 0),
(91, 8, 3149, 10, 1, '2011-11-06 19:49:34', 175, 0),
(92, 8, 3149, 10, 1, '2011-11-06 19:49:34', 176, 0),
(97, 8, 3149, 10, 1, '2011-11-06 19:49:34', 177, 0),
(91, 7, 3126, 10, 1, '2011-11-10 05:16:49', 178, 0),
(92, 7, 3126, 10, 1, '2011-11-10 05:16:49', 179, 0),
(91, 7, 3132, 10, 1, '2011-11-10 05:16:54', 180, 0),
(92, 7, 3132, 10, 1, '2011-11-10 05:16:54', 181, 0),
(91, 7, 3148, 10, 1, '2011-11-10 05:16:58', 182, 0),
(92, 7, 3148, 10, 1, '2011-11-10 05:16:58', 183, 0);

-- --------------------------------------------------------

--
-- Table structure for table `v_subgrupos`
--

DROP TABLE IF EXISTS `v_subgrupos`;
CREATE TABLE IF NOT EXISTS `v_subgrupos` (
  `cuenta` bigint(21) default NULL,
  `PADRE` int(11) default NULL
) ENGINE=MyISAM DEFAULT CHARSET=utf8;

/*!40101 SET CHARACTER_SET_CLIENT=@OLD_CHARACTER_SET_CLIENT */;
/*!40101 SET CHARACTER_SET_RESULTS=@OLD_CHARACTER_SET_RESULTS */;
/*!40101 SET COLLATION_CONNECTION=@OLD_COLLATION_CONNECTION */;
